figure	format	member	bytes	sha256	release_change_class	visual_QA_binding	scientific_content_status	license
Figure_1	PNG	figures/png/Figure_1_provenance_and_analysis_architecture.png	694363	4fcfba12cc388674fae6f827a5e6ae2711429af9bc958641ec192602ef015aa1	UNCHANGED_FROM_V1_0_0	MANUSCRIPT_V5_VISUAL_QA_PASS	UNCHANGED	CC-BY-NC-3.0
Figure_1	PDF	figures/pdf/Figure_1_provenance_and_analysis_architecture.pdf	30582	fe54208cad8acc1ff32a9b397318e27e4d4467c84ef7e78fd3519fd3bd08e317	UNCHANGED_FROM_V1_0_0	MANUSCRIPT_V5_VISUAL_QA_PASS	UNCHANGED	CC-BY-NC-3.0
Figure_1	TIFF	publication_assets/tiff/Figure_1_provenance_and_analysis_architecture.tiff	1202016	759e03891d4557825ee62be8f09e6756ca2b2a8933b8de1574aa2bcfcf3e99f1	UNCHANGED_FROM_V1_0_0	MANUSCRIPT_V5_VISUAL_QA_PASS	UNCHANGED	CC-BY-NC-3.0
Figure_2	PNG	figures/png/Figure_2_primary_longitudinal_topology.png	526249	957aa0ac73fc2618865f296ce361274700134727e5a31823fd39bdd7caaec29f	FINAL_MANUSCRIPT_QA_LAYOUT_ONLY_UPDATE	MANUSCRIPT_V5_VISUAL_QA_PASS	UNCHANGED	CC-BY-NC-3.0
Figure_2	PDF	figures/pdf/Figure_2_primary_longitudinal_topology.pdf	30231	842534bc1c74ced5886f7c8bc82c4b2848273fd8614d4cdf620eeb06165d678f	FINAL_MANUSCRIPT_QA_LAYOUT_ONLY_UPDATE	MANUSCRIPT_V5_VISUAL_QA_PASS	UNCHANGED	CC-BY-NC-3.0
Figure_2	TIFF	publication_assets/tiff/Figure_2_primary_longitudinal_topology.tiff	2063850	98a319554fecd693083bab40a5d431ec2d2440dd0b4fe15926c34ad262e916f9	FINAL_MANUSCRIPT_QA_LAYOUT_ONLY_UPDATE	MANUSCRIPT_V5_VISUAL_QA_PASS	UNCHANGED	CC-BY-NC-3.0
Figure_3	PNG	figures/png/Figure_3_rank_network_rewiring.png	667383	da6f5cb0c70ece9e2cc173f16bce82025950c9857d309d2fd8fb86094afb6612	FINAL_MANUSCRIPT_QA_LAYOUT_ONLY_UPDATE	MANUSCRIPT_V5_VISUAL_QA_PASS	UNCHANGED	CC-BY-NC-3.0
Figure_3	PDF	figures/pdf/Figure_3_rank_network_rewiring.pdf	30172	e383d151809e780457562b4d2a9974fa2b6feb41f8a26908be2ebe6b4d5fc128	FINAL_MANUSCRIPT_QA_LAYOUT_ONLY_UPDATE	MANUSCRIPT_V5_VISUAL_QA_PASS	UNCHANGED	CC-BY-NC-3.0
Figure_3	TIFF	publication_assets/tiff/Figure_3_rank_network_rewiring.tiff	1929844	a3586e437b4e25ba1f394b46a5c56a47af120e39cce6bfdb3f8fa93f22449333	FINAL_MANUSCRIPT_QA_LAYOUT_ONLY_UPDATE	MANUSCRIPT_V5_VISUAL_QA_PASS	UNCHANGED	CC-BY-NC-3.0
Figure_4	PNG	figures/png/Figure_4_between_block_rank_displacement.png	397581	ffc675f1a71bd185c154469bcc098f9f44bffa9abd7d28d848c7a3824794ae7d	UNCHANGED_FROM_V1_0_0	MANUSCRIPT_V5_VISUAL_QA_PASS	UNCHANGED	CC-BY-NC-3.0
Figure_4	PDF	figures/pdf/Figure_4_between_block_rank_displacement.pdf	28501	3061872c37cbd225b7dfff17b3f4f676381f494db2fd28ee19f95ffa86c812e6	UNCHANGED_FROM_V1_0_0	MANUSCRIPT_V5_VISUAL_QA_PASS	UNCHANGED	CC-BY-NC-3.0
Figure_4	TIFF	publication_assets/tiff/Figure_4_between_block_rank_displacement.tiff	1827630	5a8aaf3adc864f67536da6ae6124c3ca1210676e55ad85b0aaf99f9b9254cfba	UNCHANGED_FROM_V1_0_0	MANUSCRIPT_V5_VISUAL_QA_PASS	UNCHANGED	CC-BY-NC-3.0
Figure_5	PNG	figures/png/Figure_5_control_anchored_multivariate_departure.png	633646	b7a4aedd045510b2d8f16b39e8600655290aa53e77ba6430670fce7050172000	FINAL_MANUSCRIPT_QA_LAYOUT_ONLY_UPDATE	MANUSCRIPT_V5_VISUAL_QA_PASS	UNCHANGED	CC-BY-NC-3.0
Figure_5	PDF	figures/pdf/Figure_5_control_anchored_multivariate_departure.pdf	33140	23bfa4c87e49622c37c09527070bc9d49be9bc47a146e9e3c94a5db7ff5f807f	FINAL_MANUSCRIPT_QA_LAYOUT_ONLY_UPDATE	MANUSCRIPT_V5_VISUAL_QA_PASS	UNCHANGED	CC-BY-NC-3.0
Figure_5	TIFF	publication_assets/tiff/Figure_5_control_anchored_multivariate_departure.tiff	1982030	a812381f2b42ac87c27cf48a68311bf654a022883ad4bfcbbe95b2e9dfc8d4eb	FINAL_MANUSCRIPT_QA_LAYOUT_ONLY_UPDATE	MANUSCRIPT_V5_VISUAL_QA_PASS	UNCHANGED	CC-BY-NC-3.0
Figure_6	PNG	figures/png/Figure_6_response_scale_sensitivity.png	509367	f838e36b28ed6ffd3a2d10f0b70b07d51fe6ccf1e3c1ad01cbcb7670348a947c	UNCHANGED_FROM_V1_0_0	MANUSCRIPT_V5_VISUAL_QA_PASS	UNCHANGED	CC-BY-NC-3.0
Figure_6	PDF	figures/pdf/Figure_6_response_scale_sensitivity.pdf	26120	ad008dbb19eeb96554c6793e94849605a88b1866ff447049ab47b367d3395363	UNCHANGED_FROM_V1_0_0	MANUSCRIPT_V5_VISUAL_QA_PASS	UNCHANGED	CC-BY-NC-3.0
Figure_6	TIFF	publication_assets/tiff/Figure_6_response_scale_sensitivity.tiff	1544834	7275e66b86f7e13534ca33c021a9c828e3b7691dcbc22a4692483a75ac544d2a	UNCHANGED_FROM_V1_0_0	MANUSCRIPT_V5_VISUAL_QA_PASS	UNCHANGED	CC-BY-NC-3.0
