subject_id	source_cohort_block	clinical_group	assignment_basis	direct_subject_metadata
1	ID_01_10	HYPERCHOLESTEROLAEMIC	SOURCE_BLOCK_MEMBERSHIP_AFTER_R2J_BLOCK_IDENTITY_RECONSTRUCTION	NO
2	ID_01_10	HYPERCHOLESTEROLAEMIC	SOURCE_BLOCK_MEMBERSHIP_AFTER_R2J_BLOCK_IDENTITY_RECONSTRUCTION	NO
3	ID_01_10	HYPERCHOLESTEROLAEMIC	SOURCE_BLOCK_MEMBERSHIP_AFTER_R2J_BLOCK_IDENTITY_RECONSTRUCTION	NO
4	ID_01_10	HYPERCHOLESTEROLAEMIC	SOURCE_BLOCK_MEMBERSHIP_AFTER_R2J_BLOCK_IDENTITY_RECONSTRUCTION	NO
5	ID_01_10	HYPERCHOLESTEROLAEMIC	SOURCE_BLOCK_MEMBERSHIP_AFTER_R2J_BLOCK_IDENTITY_RECONSTRUCTION	NO
6	ID_01_10	HYPERCHOLESTEROLAEMIC	SOURCE_BLOCK_MEMBERSHIP_AFTER_R2J_BLOCK_IDENTITY_RECONSTRUCTION	NO
7	ID_01_10	HYPERCHOLESTEROLAEMIC	SOURCE_BLOCK_MEMBERSHIP_AFTER_R2J_BLOCK_IDENTITY_RECONSTRUCTION	NO
8	ID_01_10	HYPERCHOLESTEROLAEMIC	SOURCE_BLOCK_MEMBERSHIP_AFTER_R2J_BLOCK_IDENTITY_RECONSTRUCTION	NO
9	ID_01_10	HYPERCHOLESTEROLAEMIC	SOURCE_BLOCK_MEMBERSHIP_AFTER_R2J_BLOCK_IDENTITY_RECONSTRUCTION	NO
10	ID_01_10	HYPERCHOLESTEROLAEMIC	SOURCE_BLOCK_MEMBERSHIP_AFTER_R2J_BLOCK_IDENTITY_RECONSTRUCTION	NO
11	ID_11_20	CONTROL	SOURCE_BLOCK_MEMBERSHIP_AFTER_R2J_BLOCK_IDENTITY_RECONSTRUCTION	NO
12	ID_11_20	CONTROL	SOURCE_BLOCK_MEMBERSHIP_AFTER_R2J_BLOCK_IDENTITY_RECONSTRUCTION	NO
13	ID_11_20	CONTROL	SOURCE_BLOCK_MEMBERSHIP_AFTER_R2J_BLOCK_IDENTITY_RECONSTRUCTION	NO
14	ID_11_20	CONTROL	SOURCE_BLOCK_MEMBERSHIP_AFTER_R2J_BLOCK_IDENTITY_RECONSTRUCTION	NO
15	ID_11_20	CONTROL	SOURCE_BLOCK_MEMBERSHIP_AFTER_R2J_BLOCK_IDENTITY_RECONSTRUCTION	NO
16	ID_11_20	CONTROL	SOURCE_BLOCK_MEMBERSHIP_AFTER_R2J_BLOCK_IDENTITY_RECONSTRUCTION	NO
17	ID_11_20	CONTROL	SOURCE_BLOCK_MEMBERSHIP_AFTER_R2J_BLOCK_IDENTITY_RECONSTRUCTION	NO
18	ID_11_20	CONTROL	SOURCE_BLOCK_MEMBERSHIP_AFTER_R2J_BLOCK_IDENTITY_RECONSTRUCTION	NO
19	ID_11_20	CONTROL	SOURCE_BLOCK_MEMBERSHIP_AFTER_R2J_BLOCK_IDENTITY_RECONSTRUCTION	NO
20	ID_11_20	CONTROL	SOURCE_BLOCK_MEMBERSHIP_AFTER_R2J_BLOCK_IDENTITY_RECONSTRUCTION	NO
