source_sample_id,subject_id,source_time_code,timepoint_interpretation,cohort_block,clinical_group,27_OHC_raw_cps,27_OHC_internal_standard_cps,27_OHC_corrected_signal,27_OHC_formula,7beta_OHC_raw_cps,7beta_OHC_internal_standard_cps,7beta_OHC_corrected_signal,7beta_OHC_formula,7_KC_raw_cps,7_KC_internal_standard_cps,7_KC_corrected_signal,7_KC_formula,24S_OHC_raw_cps,24S_OHC_internal_standard_cps,24S_OHC_corrected_signal,24S_OHC_formula,25_OHC_raw_cps,25_OHC_internal_standard_cps,25_OHC_corrected_signal,25_OHC_formula,clinical_group_mapping_status,clinical_group_mapping_evidence_tier,clinical_group_mapping_direct_metadata,clinical_group_mapping_primary_basis,clinical_group_mapping_followup_used,clinical_group_mapping_subject_level_classifier,baseline_group_difference_independent_replication,primary_analysis_value_layer,absolute_concentration_ng_per_ml_status,participant_quantitation_function_status
1A,1,A,baseline_before_intervention,ID_01_10,HYPERCHOLESTEROLAEMIC,228000,336000,228000.0,=B4*336000/D4,1960000,34100,2166978.299120235,=F4*37701/H4,9130000,140000,13554593.642857144,=J4*207847/L4,45000,72900,38769.753086419754,=N4*62807/P4,74000,49800,61357.590361445786,=R4*41292/T4,PROVISIONAL_INDIRECT_HIGH_CONFIDENCE,RECONSTRUCTED_FROM_PUBLISHED_BASELINE_AGGREGATES,NO,PRE_EXISTING_SOURCE_BLOCKS_PLUS_PUBLISHED_TABLE1_BASELINE_GROUP_MEANS,NO,NO,NO,INTERNAL_STANDARD_NORMALIZED_CPS_DERIVED_RESPONSE,NOT_ESTABLISHED,NOT_ESTABLISHED
3A,3,A,baseline_before_intervention,ID_01_10,HYPERCHOLESTEROLAEMIC,201000,326000,207165.64417177913,=B5*336000/D5,1980000,21700,3439999.0783410138,=F5*37701/H5,12500000,103000,25224150.485436894,=J5*207847/L5,72100,58700,77144.54344122657,=N5*62807/P5,114000,50900,92481.10019646365,=R5*41292/T5,PROVISIONAL_INDIRECT_HIGH_CONFIDENCE,RECONSTRUCTED_FROM_PUBLISHED_BASELINE_AGGREGATES,NO,PRE_EXISTING_SOURCE_BLOCKS_PLUS_PUBLISHED_TABLE1_BASELINE_GROUP_MEANS,NO,NO,NO,INTERNAL_STANDARD_NORMALIZED_CPS_DERIVED_RESPONSE,NOT_ESTABLISHED,NOT_ESTABLISHED
5A,5,A,baseline_before_intervention,ID_01_10,HYPERCHOLESTEROLAEMIC,280000,292000,322191.7808219178,=B6*336000/D6,2100000,17500,4524120.0,=F6*37701/H6,15400000,96000,33342122.916666668,=J6*207847/L6,106000,57500,115783.33913043479,=N6*62807/P6,208000,44000,195198.54545454544,=R6*41292/T6,PROVISIONAL_INDIRECT_HIGH_CONFIDENCE,RECONSTRUCTED_FROM_PUBLISHED_BASELINE_AGGREGATES,NO,PRE_EXISTING_SOURCE_BLOCKS_PLUS_PUBLISHED_TABLE1_BASELINE_GROUP_MEANS,NO,NO,NO,INTERNAL_STANDARD_NORMALIZED_CPS_DERIVED_RESPONSE,NOT_ESTABLISHED,NOT_ESTABLISHED
8A,8,A,baseline_before_intervention,ID_01_10,HYPERCHOLESTEROLAEMIC,259000,321000,271102.80373831774,=B7*336000/D7,1990000,15000,5001666.0,=F7*37701/H7,12800000,70000,38006308.571428575,=J7*207847/L7,66000,58800,70497.6530612245,=N7*62807/P7,284000,24900,470960.9638554217,=R7*41292/T7,PROVISIONAL_INDIRECT_HIGH_CONFIDENCE,RECONSTRUCTED_FROM_PUBLISHED_BASELINE_AGGREGATES,NO,PRE_EXISTING_SOURCE_BLOCKS_PLUS_PUBLISHED_TABLE1_BASELINE_GROUP_MEANS,NO,NO,NO,INTERNAL_STANDARD_NORMALIZED_CPS_DERIVED_RESPONSE,NOT_ESTABLISHED,NOT_ESTABLISHED
4A,4,A,baseline_before_intervention,ID_01_10,HYPERCHOLESTEROLAEMIC,193000,297000,218343.43434343435,=B8*336000/D8,1970000,8670,8566432.525951557,=F8*37701/H8,11900000,67800,36480520.64896755,=J8*207847/L8,70000,55600,79073.56115107914,=N8*62807/P8,312000,45700,281905.9956236324,=R8*41292/T8,PROVISIONAL_INDIRECT_HIGH_CONFIDENCE,RECONSTRUCTED_FROM_PUBLISHED_BASELINE_AGGREGATES,NO,PRE_EXISTING_SOURCE_BLOCKS_PLUS_PUBLISHED_TABLE1_BASELINE_GROUP_MEANS,NO,NO,NO,INTERNAL_STANDARD_NORMALIZED_CPS_DERIVED_RESPONSE,NOT_ESTABLISHED,NOT_ESTABLISHED
9A,9,A,baseline_before_intervention,ID_01_10,HYPERCHOLESTEROLAEMIC,420000,413000,341694.9152542373,=B9*336000/D9,1880000,11500,6163293.9130434785,=F9*37701/H9,23300000,117000,41391752.99145299,=J9*207847/L9,104000,75500,86515.60264900663,=N9*62807/P9,213000,35700,246364.03361344538,=R9*41292/T9,PROVISIONAL_INDIRECT_HIGH_CONFIDENCE,RECONSTRUCTED_FROM_PUBLISHED_BASELINE_AGGREGATES,NO,PRE_EXISTING_SOURCE_BLOCKS_PLUS_PUBLISHED_TABLE1_BASELINE_GROUP_MEANS,NO,NO,NO,INTERNAL_STANDARD_NORMALIZED_CPS_DERIVED_RESPONSE,NOT_ESTABLISHED,NOT_ESTABLISHED
7A,7,A,baseline_before_intervention,ID_01_10,HYPERCHOLESTEROLAEMIC,445000,454000,329339.20704845816,=B10*336000/D10,1720000,12700,5105962.20472441,=F10*37701/H10,17800000,135000,27405011.85185185,=J10*207847/L10,98200,70300,87733.24893314367,=N10*62807/P10,340000,42700,328788.7587822014,=R10*41292/T10,PROVISIONAL_INDIRECT_HIGH_CONFIDENCE,RECONSTRUCTED_FROM_PUBLISHED_BASELINE_AGGREGATES,NO,PRE_EXISTING_SOURCE_BLOCKS_PLUS_PUBLISHED_TABLE1_BASELINE_GROUP_MEANS,NO,NO,NO,INTERNAL_STANDARD_NORMALIZED_CPS_DERIVED_RESPONSE,NOT_ESTABLISHED,NOT_ESTABLISHED
2A,2,A,baseline_before_intervention,ID_01_10,HYPERCHOLESTEROLAEMIC,340000,310000,368516.12903225806,=B11*336000/D11,1510000,14200,4009050.0,=F11*37701/H11,12400000,86400,29829893.51851852,=J11*207847/L11,71600,58700,76609.56047700171,=N11*62807/P11,120000,32100,154362.6168224299,=R11*41292/T11,PROVISIONAL_INDIRECT_HIGH_CONFIDENCE,RECONSTRUCTED_FROM_PUBLISHED_BASELINE_AGGREGATES,NO,PRE_EXISTING_SOURCE_BLOCKS_PLUS_PUBLISHED_TABLE1_BASELINE_GROUP_MEANS,NO,NO,NO,INTERNAL_STANDARD_NORMALIZED_CPS_DERIVED_RESPONSE,NOT_ESTABLISHED,NOT_ESTABLISHED
10A,10,A,baseline_before_intervention,ID_01_10,HYPERCHOLESTEROLAEMIC,225000,307000,246254.07166123777,=B12*336000/D12,1610000,11800,5143950.0,=F12*37701/H12,13800000,77700,36914911.19691119,=J12*207847/L12,83100,55500,94040.75135135135,=N12*62807/P12,110000,25400,178823.6220472441,=R12*41292/T12,PROVISIONAL_INDIRECT_HIGH_CONFIDENCE,RECONSTRUCTED_FROM_PUBLISHED_BASELINE_AGGREGATES,NO,PRE_EXISTING_SOURCE_BLOCKS_PLUS_PUBLISHED_TABLE1_BASELINE_GROUP_MEANS,NO,NO,NO,INTERNAL_STANDARD_NORMALIZED_CPS_DERIVED_RESPONSE,NOT_ESTABLISHED,NOT_ESTABLISHED
6A,6,A,baseline_before_intervention,ID_01_10,HYPERCHOLESTEROLAEMIC,340000,299000,382073.5785953177,=B13*336000/D13,1640000,13300,4648845.112781955,=F13*37701/H13,13700000,100000,28475039.0,=J13*207847/L13,79500,59200,84343.8597972973,=N13*62807/P13,251000,28200,367528.08510638296,=R13*41292/T13,PROVISIONAL_INDIRECT_HIGH_CONFIDENCE,RECONSTRUCTED_FROM_PUBLISHED_BASELINE_AGGREGATES,NO,PRE_EXISTING_SOURCE_BLOCKS_PLUS_PUBLISHED_TABLE1_BASELINE_GROUP_MEANS,NO,NO,NO,INTERNAL_STANDARD_NORMALIZED_CPS_DERIVED_RESPONSE,NOT_ESTABLISHED,NOT_ESTABLISHED
12A,12,A,baseline_before_intervention,ID_11_20,CONTROL,296000,326000,305079.754601227,=B14*336000/D14,77400,51300,56882.21052631579,=F14*37701/H14,510000,318000,333339.5283018868,=J14*207847/L14,58500,68200,53874.039589442815,=N14*62807/P14,28200,43700,26646.09610983982,=R14*41292/T14,PROVISIONAL_INDIRECT_HIGH_CONFIDENCE,RECONSTRUCTED_FROM_PUBLISHED_BASELINE_AGGREGATES,NO,PRE_EXISTING_SOURCE_BLOCKS_PLUS_PUBLISHED_TABLE1_BASELINE_GROUP_MEANS,NO,NO,NO,INTERNAL_STANDARD_NORMALIZED_CPS_DERIVED_RESPONSE,NOT_ESTABLISHED,NOT_ESTABLISHED
14A,14,A,baseline_before_intervention,ID_11_20,CONTROL,284000,392000,243428.57142857142,=B15*336000/D15,75800,55200,51770.57608695652,=F15*37701/H15,392000,230000,354243.58260869567,=J15*207847/L15,70800,56000,79405.99285714286,=N15*62807/P15,22800,33700,27936.427299703264,=R15*41292/T15,PROVISIONAL_INDIRECT_HIGH_CONFIDENCE,RECONSTRUCTED_FROM_PUBLISHED_BASELINE_AGGREGATES,NO,PRE_EXISTING_SOURCE_BLOCKS_PLUS_PUBLISHED_TABLE1_BASELINE_GROUP_MEANS,NO,NO,NO,INTERNAL_STANDARD_NORMALIZED_CPS_DERIVED_RESPONSE,NOT_ESTABLISHED,NOT_ESTABLISHED
11A,11,A,baseline_before_intervention,ID_11_20,CONTROL,153000,310000,165832.25806451612,=B16*336000/D16,45500,36800,46614.00815217391,=F16*37701/H16,187000,201000,193370.0945273632,=J16*207847/L16,30100,41900,45119.10978520286,=N16*62807/P16,11400,33900,13885.805309734513,=R16*41292/T16,PROVISIONAL_INDIRECT_HIGH_CONFIDENCE,RECONSTRUCTED_FROM_PUBLISHED_BASELINE_AGGREGATES,NO,PRE_EXISTING_SOURCE_BLOCKS_PLUS_PUBLISHED_TABLE1_BASELINE_GROUP_MEANS,NO,NO,NO,INTERNAL_STANDARD_NORMALIZED_CPS_DERIVED_RESPONSE,NOT_ESTABLISHED,NOT_ESTABLISHED
13A,13,A,baseline_before_intervention,ID_11_20,CONTROL,237000,383000,207916.44908616188,=B17*336000/D17,54400,55500,36953.772972972976,=F17*37701/H17,393000,326000,250564.02147239263,=J17*207847/L17,59300,55000,67717.36545454545,=N17*62807/P17,25000,42600,24232.394366197183,=R17*41292/T17,PROVISIONAL_INDIRECT_HIGH_CONFIDENCE,RECONSTRUCTED_FROM_PUBLISHED_BASELINE_AGGREGATES,NO,PRE_EXISTING_SOURCE_BLOCKS_PLUS_PUBLISHED_TABLE1_BASELINE_GROUP_MEANS,NO,NO,NO,INTERNAL_STANDARD_NORMALIZED_CPS_DERIVED_RESPONSE,NOT_ESTABLISHED,NOT_ESTABLISHED
17A,17,A,baseline_before_intervention,ID_11_20,CONTROL,319000,370000,289686.4864864865,=B18*336000/D18,36300,59700,22923.72361809045,=F18*37701/H18,235000,333000,146678.81381381382,=J18*207847/L18,41600,58000,45047.77931034483,=N18*62807/P18,14000,44700,12932.617449664429,=R18*41292/T18,PROVISIONAL_INDIRECT_HIGH_CONFIDENCE,RECONSTRUCTED_FROM_PUBLISHED_BASELINE_AGGREGATES,NO,PRE_EXISTING_SOURCE_BLOCKS_PLUS_PUBLISHED_TABLE1_BASELINE_GROUP_MEANS,NO,NO,NO,INTERNAL_STANDARD_NORMALIZED_CPS_DERIVED_RESPONSE,NOT_ESTABLISHED,NOT_ESTABLISHED
16A,16,A,baseline_before_intervention,ID_11_20,CONTROL,175000,305000,192786.88524590165,=B19*336000/D19,83900,37400,84575.23796791444,=F19*37701/H19,183000,192000,198104.171875,=J19*207847/L19,43300,56800,47879.27992957747,=N19*62807/P19,33800,48300,28895.850931677018,=R19*41292/T19,PROVISIONAL_INDIRECT_HIGH_CONFIDENCE,RECONSTRUCTED_FROM_PUBLISHED_BASELINE_AGGREGATES,NO,PRE_EXISTING_SOURCE_BLOCKS_PLUS_PUBLISHED_TABLE1_BASELINE_GROUP_MEANS,NO,NO,NO,INTERNAL_STANDARD_NORMALIZED_CPS_DERIVED_RESPONSE,NOT_ESTABLISHED,NOT_ESTABLISHED
20A,20,A,baseline_before_intervention,ID_11_20,CONTROL,251000,361000,233617.72853185594,=B20*336000/D20,53500,39600,50934.431818181816,=F20*37701/H20,234000,283000,171859.35689045937,=J20*207847/L20,39600,70000,35530.817142857144,=N20*62807/P20,39100,43300,37286.7713625866,=R20*41292/T20,PROVISIONAL_INDIRECT_HIGH_CONFIDENCE,RECONSTRUCTED_FROM_PUBLISHED_BASELINE_AGGREGATES,NO,PRE_EXISTING_SOURCE_BLOCKS_PLUS_PUBLISHED_TABLE1_BASELINE_GROUP_MEANS,NO,NO,NO,INTERNAL_STANDARD_NORMALIZED_CPS_DERIVED_RESPONSE,NOT_ESTABLISHED,NOT_ESTABLISHED
19A,19,A,baseline_before_intervention,ID_11_20,CONTROL,273000,390000,235200.0,=B21*336000/D21,65700,56100,44152.50802139037,=F21*37701/H21,403000,255000,328479.768627451,=J21*207847/L21,56800,73500,48536.565986394555,=N21*62807/P21,46000,54300,34980.331491712706,=R21*41292/T21,PROVISIONAL_INDIRECT_HIGH_CONFIDENCE,RECONSTRUCTED_FROM_PUBLISHED_BASELINE_AGGREGATES,NO,PRE_EXISTING_SOURCE_BLOCKS_PLUS_PUBLISHED_TABLE1_BASELINE_GROUP_MEANS,NO,NO,NO,INTERNAL_STANDARD_NORMALIZED_CPS_DERIVED_RESPONSE,NOT_ESTABLISHED,NOT_ESTABLISHED
15A,15,A,baseline_before_intervention,ID_11_20,CONTROL,227000,337000,226326.40949554896,=B22*336000/D22,163000,49600,123896.43145161291,=F22*37701/H22,502000,213000,489855.3708920188,=J22*207847/L22,57300,70600,50975.086402266286,=N22*62807/P22,53900,44000,50582.7,=R22*41292/T22,PROVISIONAL_INDIRECT_HIGH_CONFIDENCE,RECONSTRUCTED_FROM_PUBLISHED_BASELINE_AGGREGATES,NO,PRE_EXISTING_SOURCE_BLOCKS_PLUS_PUBLISHED_TABLE1_BASELINE_GROUP_MEANS,NO,NO,NO,INTERNAL_STANDARD_NORMALIZED_CPS_DERIVED_RESPONSE,NOT_ESTABLISHED,NOT_ESTABLISHED
18A,18,A,baseline_before_intervention,ID_11_20,CONTROL,299000,339000,296353.98230088496,=B23*336000/D23,47900,47400,38098.68987341772,=F23*37701/H23,326000,256000,264680.1640625,=J23*207847/L23,76800,73200,65895.86885245901,=N23*62807/P23,23200,38600,24817.989637305698,=R23*41292/T23,PROVISIONAL_INDIRECT_HIGH_CONFIDENCE,RECONSTRUCTED_FROM_PUBLISHED_BASELINE_AGGREGATES,NO,PRE_EXISTING_SOURCE_BLOCKS_PLUS_PUBLISHED_TABLE1_BASELINE_GROUP_MEANS,NO,NO,NO,INTERNAL_STANDARD_NORMALIZED_CPS_DERIVED_RESPONSE,NOT_ESTABLISHED,NOT_ESTABLISHED
1B,1,B,three_month_followup,ID_01_10,HYPERCHOLESTEROLAEMIC,184000,300000,206080.0,=B24*336000/D24,110000,49000,84634.89795918367,=F24*37701/H24,728000,214000,707068.2990654205,=J24*207847/L24,49900,59200,52940.3597972973,=N24*62807/P24,55900,32000,72131.9625,=R24*41292/T24,PROVISIONAL_INDIRECT_HIGH_CONFIDENCE,RECONSTRUCTED_FROM_PUBLISHED_BASELINE_AGGREGATES,NO,PRE_EXISTING_SOURCE_BLOCKS_PLUS_PUBLISHED_TABLE1_BASELINE_GROUP_MEANS,NO,NO,NO,INTERNAL_STANDARD_NORMALIZED_CPS_DERIVED_RESPONSE,NOT_ESTABLISHED,NOT_ESTABLISHED
2B,2,B,three_month_followup,ID_01_10,HYPERCHOLESTEROLAEMIC,145000,307000,158697.0684039088,=B25*336000/D25,562000,38400,551769.84375,=F25*37701/H25,2080000,157000,2753641.7834394905,=J25*207847/L25,24500,62200,24739.09163987138,=N25*62807/P25,38800,55000,29129.62909090909,=R25*41292/T25,PROVISIONAL_INDIRECT_HIGH_CONFIDENCE,RECONSTRUCTED_FROM_PUBLISHED_BASELINE_AGGREGATES,NO,PRE_EXISTING_SOURCE_BLOCKS_PLUS_PUBLISHED_TABLE1_BASELINE_GROUP_MEANS,NO,NO,NO,INTERNAL_STANDARD_NORMALIZED_CPS_DERIVED_RESPONSE,NOT_ESTABLISHED,NOT_ESTABLISHED
6B,6,B,three_month_followup,ID_01_10,HYPERCHOLESTEROLAEMIC,118000,368000,107739.13043478261,=B26*336000/D26,43300,49500,32978.854545454546,=F26*37701/H26,217000,235000,191926.80425531915,=J26*207847/L26,22700,62500,22811.5024,=N26*62807/P26,22800,55700,16902.290843806106,=R26*41292/T26,PROVISIONAL_INDIRECT_HIGH_CONFIDENCE,RECONSTRUCTED_FROM_PUBLISHED_BASELINE_AGGREGATES,NO,PRE_EXISTING_SOURCE_BLOCKS_PLUS_PUBLISHED_TABLE1_BASELINE_GROUP_MEANS,NO,NO,NO,INTERNAL_STANDARD_NORMALIZED_CPS_DERIVED_RESPONSE,NOT_ESTABLISHED,NOT_ESTABLISHED
9B,9,B,three_month_followup,ID_01_10,HYPERCHOLESTEROLAEMIC,174000,292000,200219.1780821918,=B27*336000/D27,567000,38700,552363.4883720931,=F27*37701/H27,1440000,145000,2064135.7241379311,=J27*207847/L27,44900,59800,47157.76421404682,=N27*62807/P27,46000,45400,41837.709251101325,=R27*41292/T27,PROVISIONAL_INDIRECT_HIGH_CONFIDENCE,RECONSTRUCTED_FROM_PUBLISHED_BASELINE_AGGREGATES,NO,PRE_EXISTING_SOURCE_BLOCKS_PLUS_PUBLISHED_TABLE1_BASELINE_GROUP_MEANS,NO,NO,NO,INTERNAL_STANDARD_NORMALIZED_CPS_DERIVED_RESPONSE,NOT_ESTABLISHED,NOT_ESTABLISHED
3B,3,B,three_month_followup,ID_01_10,HYPERCHOLESTEROLAEMIC,145000,379000,128548.81266490766,=B28*336000/D28,97200,45600,80362.65789473684,=F28*37701/H28,788000,239000,685286.3430962343,=J28*207847/L28,33500,64500,32620.68992248062,=N28*62807/P28,22700,40300,23258.76923076923,=R28*41292/T28,PROVISIONAL_INDIRECT_HIGH_CONFIDENCE,RECONSTRUCTED_FROM_PUBLISHED_BASELINE_AGGREGATES,NO,PRE_EXISTING_SOURCE_BLOCKS_PLUS_PUBLISHED_TABLE1_BASELINE_GROUP_MEANS,NO,NO,NO,INTERNAL_STANDARD_NORMALIZED_CPS_DERIVED_RESPONSE,NOT_ESTABLISHED,NOT_ESTABLISHED
5B,5,B,three_month_followup,ID_01_10,HYPERCHOLESTEROLAEMIC,151000,366000,138622.95081967214,=B29*336000/D29,91400,51200,67302.17578125,=F29*37701/H29,368000,259000,295319.2895752896,=J29*207847/L29,22200,68900,20236.79825834543,=N29*62807/P29,15200,34300,18298.495626822158,=R29*41292/T29,PROVISIONAL_INDIRECT_HIGH_CONFIDENCE,RECONSTRUCTED_FROM_PUBLISHED_BASELINE_AGGREGATES,NO,PRE_EXISTING_SOURCE_BLOCKS_PLUS_PUBLISHED_TABLE1_BASELINE_GROUP_MEANS,NO,NO,NO,INTERNAL_STANDARD_NORMALIZED_CPS_DERIVED_RESPONSE,NOT_ESTABLISHED,NOT_ESTABLISHED
8B,8,B,three_month_followup,ID_01_10,HYPERCHOLESTEROLAEMIC,230000,426000,181408.45070422534,=B30*336000/D30,74600,57000,49342.01052631579,=F30*37701/H30,413000,334000,257008.41616766466,=J30*207847/L30,74700,57100,82166.07530647986,=N30*62807/P30,35000,44700,32331.543624161073,=R30*41292/T30,PROVISIONAL_INDIRECT_HIGH_CONFIDENCE,RECONSTRUCTED_FROM_PUBLISHED_BASELINE_AGGREGATES,NO,PRE_EXISTING_SOURCE_BLOCKS_PLUS_PUBLISHED_TABLE1_BASELINE_GROUP_MEANS,NO,NO,NO,INTERNAL_STANDARD_NORMALIZED_CPS_DERIVED_RESPONSE,NOT_ESTABLISHED,NOT_ESTABLISHED
4B,4,B,three_month_followup,ID_01_10,HYPERCHOLESTEROLAEMIC,174000,375000,155904.0,=B31*336000/D31,531000,42800,467739.0420560748,=F31*37701/H31,2160000,236000,1902328.4745762711,=J31*207847/L31,36200,77200,29450.950777202073,=N31*62807/P31,90500,40000,93423.15,=R31*41292/T31,PROVISIONAL_INDIRECT_HIGH_CONFIDENCE,RECONSTRUCTED_FROM_PUBLISHED_BASELINE_AGGREGATES,NO,PRE_EXISTING_SOURCE_BLOCKS_PLUS_PUBLISHED_TABLE1_BASELINE_GROUP_MEANS,NO,NO,NO,INTERNAL_STANDARD_NORMALIZED_CPS_DERIVED_RESPONSE,NOT_ESTABLISHED,NOT_ESTABLISHED
10B,10,B,three_month_followup,ID_01_10,HYPERCHOLESTEROLAEMIC,178000,417000,143424.46043165468,=B32*336000/D32,264000,43100,230929.5591647332,=F32*37701/H32,2180000,345000,1313352.0579710144,=J32*207847/L32,28500,58500,30598.28205128205,=N32*62807/P32,41700,41500,41490.99759036145,=R32*41292/T32,PROVISIONAL_INDIRECT_HIGH_CONFIDENCE,RECONSTRUCTED_FROM_PUBLISHED_BASELINE_AGGREGATES,NO,PRE_EXISTING_SOURCE_BLOCKS_PLUS_PUBLISHED_TABLE1_BASELINE_GROUP_MEANS,NO,NO,NO,INTERNAL_STANDARD_NORMALIZED_CPS_DERIVED_RESPONSE,NOT_ESTABLISHED,NOT_ESTABLISHED
7B,7,B,three_month_followup,ID_01_10,HYPERCHOLESTEROLAEMIC,292000,380000,258189.47368421053,=B33*336000/D33,378000,29700,479830.9090909091,=F33*37701/H33,5100000,240000,4416748.75,=J33*207847/L33,36500,59400,38593.52693602694,=N33*62807/P33,50100,31500,65673.94285714286,=R33*41292/T33,PROVISIONAL_INDIRECT_HIGH_CONFIDENCE,RECONSTRUCTED_FROM_PUBLISHED_BASELINE_AGGREGATES,NO,PRE_EXISTING_SOURCE_BLOCKS_PLUS_PUBLISHED_TABLE1_BASELINE_GROUP_MEANS,NO,NO,NO,INTERNAL_STANDARD_NORMALIZED_CPS_DERIVED_RESPONSE,NOT_ESTABLISHED,NOT_ESTABLISHED
17B,17,B,three_month_followup,ID_11_20,CONTROL,209000,318000,220830.18867924527,=B34*336000/D34,402000,35500,426924.0,=F34*37701/H34,2540000,232000,2275566.293103448,=J34*207847/L34,33600,53300,39593.15572232645,=N34*62807/P34,43400,46200,38789.454545454544,=R34*41292/T34,PROVISIONAL_INDIRECT_HIGH_CONFIDENCE,RECONSTRUCTED_FROM_PUBLISHED_BASELINE_AGGREGATES,NO,PRE_EXISTING_SOURCE_BLOCKS_PLUS_PUBLISHED_TABLE1_BASELINE_GROUP_MEANS,NO,NO,NO,INTERNAL_STANDARD_NORMALIZED_CPS_DERIVED_RESPONSE,NOT_ESTABLISHED,NOT_ESTABLISHED
18B,18,B,three_month_followup,ID_11_20,CONTROL,333000,354000,316067.7966101695,=B35*336000/D35,35700,47500,28335.277894736842,=F35*37701/H35,189000,291000,134993.412371134,=J35*207847/L35,65300,71500,57360.7986013986,=N35*62807/P35,15800,45400,14370.343612334802,=R35*41292/T35,PROVISIONAL_INDIRECT_HIGH_CONFIDENCE,RECONSTRUCTED_FROM_PUBLISHED_BASELINE_AGGREGATES,NO,PRE_EXISTING_SOURCE_BLOCKS_PLUS_PUBLISHED_TABLE1_BASELINE_GROUP_MEANS,NO,NO,NO,INTERNAL_STANDARD_NORMALIZED_CPS_DERIVED_RESPONSE,NOT_ESTABLISHED,NOT_ESTABLISHED
12B,12,B,three_month_followup,ID_11_20,CONTROL,231000,331000,234489.42598187312,=B36*336000/D36,43700,45200,36449.86061946903,=F36*37701/H36,287000,292000,204287.97602739726,=J36*207847/L36,54400,59600,57327.19463087248,=N36*62807/P36,30600,44600,28330.385650224216,=R36*41292/T36,PROVISIONAL_INDIRECT_HIGH_CONFIDENCE,RECONSTRUCTED_FROM_PUBLISHED_BASELINE_AGGREGATES,NO,PRE_EXISTING_SOURCE_BLOCKS_PLUS_PUBLISHED_TABLE1_BASELINE_GROUP_MEANS,NO,NO,NO,INTERNAL_STANDARD_NORMALIZED_CPS_DERIVED_RESPONSE,NOT_ESTABLISHED,NOT_ESTABLISHED
16B,16,B,three_month_followup,ID_11_20,CONTROL,220000,338000,218698.224852071,=B37*336000/D37,27600,34500,30160.8,=F37*37701/H37,235000,260000,187861.71153846153,=J37*207847/L37,39100,61100,40192.3682487725,=N37*62807/P37,27900,44900,25658.0579064588,=R37*41292/T37,PROVISIONAL_INDIRECT_HIGH_CONFIDENCE,RECONSTRUCTED_FROM_PUBLISHED_BASELINE_AGGREGATES,NO,PRE_EXISTING_SOURCE_BLOCKS_PLUS_PUBLISHED_TABLE1_BASELINE_GROUP_MEANS,NO,NO,NO,INTERNAL_STANDARD_NORMALIZED_CPS_DERIVED_RESPONSE,NOT_ESTABLISHED,NOT_ESTABLISHED
13B,13,B,three_month_followup,ID_11_20,CONTROL,177000,324000,183555.55555555556,=B38*336000/D38,55600,34200,61291.68421052631,=F38*37701/H38,108000,165000,136045.30909090908,=J38*207847/L38,35900,66000,34163.201515151515,=N38*62807/P38,30800,46400,27409.344827586207,=R38*41292/T38,PROVISIONAL_INDIRECT_HIGH_CONFIDENCE,RECONSTRUCTED_FROM_PUBLISHED_BASELINE_AGGREGATES,NO,PRE_EXISTING_SOURCE_BLOCKS_PLUS_PUBLISHED_TABLE1_BASELINE_GROUP_MEANS,NO,NO,NO,INTERNAL_STANDARD_NORMALIZED_CPS_DERIVED_RESPONSE,NOT_ESTABLISHED,NOT_ESTABLISHED
11B,11,B,three_month_followup,ID_11_20,CONTROL,224000,326000,230871.1656441718,=B39*336000/D39,58200,52700,41635.6394686907,=F39*37701/H39,148000,218000,141107.1376146789,=J39*207847/L39,59600,64000,58489.01875,=N39*62807/P39,22400,44300,20879.024830699775,=R39*41292/T39,PROVISIONAL_INDIRECT_HIGH_CONFIDENCE,RECONSTRUCTED_FROM_PUBLISHED_BASELINE_AGGREGATES,NO,PRE_EXISTING_SOURCE_BLOCKS_PLUS_PUBLISHED_TABLE1_BASELINE_GROUP_MEANS,NO,NO,NO,INTERNAL_STANDARD_NORMALIZED_CPS_DERIVED_RESPONSE,NOT_ESTABLISHED,NOT_ESTABLISHED
14B,14,B,three_month_followup,ID_11_20,CONTROL,233000,325000,240886.15384615384,=B40*336000/D40,41100,42300,36631.46808510638,=F40*37701/H40,156000,197000,164589.50253807107,=J40*207847/L40,64400,66900,60459.95216741405,=N40*62807/P40,37900,35400,44208.101694915254,=R40*41292/T40,PROVISIONAL_INDIRECT_HIGH_CONFIDENCE,RECONSTRUCTED_FROM_PUBLISHED_BASELINE_AGGREGATES,NO,PRE_EXISTING_SOURCE_BLOCKS_PLUS_PUBLISHED_TABLE1_BASELINE_GROUP_MEANS,NO,NO,NO,INTERNAL_STANDARD_NORMALIZED_CPS_DERIVED_RESPONSE,NOT_ESTABLISHED,NOT_ESTABLISHED
20B,20,B,three_month_followup,ID_11_20,CONTROL,229000,305000,252275.40983606558,=B41*336000/D41,43400,43300,37788.069284064666,=F41*37701/H41,177000,187000,196732.1871657754,=J41*207847/L41,63700,66200,60435.13444108761,=N41*62807/P41,46800,43200,44733.0,=R41*41292/T41,PROVISIONAL_INDIRECT_HIGH_CONFIDENCE,RECONSTRUCTED_FROM_PUBLISHED_BASELINE_AGGREGATES,NO,PRE_EXISTING_SOURCE_BLOCKS_PLUS_PUBLISHED_TABLE1_BASELINE_GROUP_MEANS,NO,NO,NO,INTERNAL_STANDARD_NORMALIZED_CPS_DERIVED_RESPONSE,NOT_ESTABLISHED,NOT_ESTABLISHED
15B,15,B,three_month_followup,ID_11_20,CONTROL,208000,367000,190430.51771117168,=B42*336000/D42,26200,36000,27437.95,=F42*37701/H42,135000,223000,125826.65919282511,=J42*207847/L42,34900,60900,35992.84564860427,=N42*62807/P42,30800,28800,44159.5,=R42*41292/T42,PROVISIONAL_INDIRECT_HIGH_CONFIDENCE,RECONSTRUCTED_FROM_PUBLISHED_BASELINE_AGGREGATES,NO,PRE_EXISTING_SOURCE_BLOCKS_PLUS_PUBLISHED_TABLE1_BASELINE_GROUP_MEANS,NO,NO,NO,INTERNAL_STANDARD_NORMALIZED_CPS_DERIVED_RESPONSE,NOT_ESTABLISHED,NOT_ESTABLISHED
19B,19,B,three_month_followup,ID_11_20,CONTROL,258000,381000,227527.55905511812,=B43*336000/D43,137000,42800,120678.43457943926,=F43*37701/H43,610000,245000,517496.612244898,=J43*207847/L43,59000,67600,54816.76035502958,=N43*62807/P43,38200,45600,34591.10526315789,=R43*41292/T43,PROVISIONAL_INDIRECT_HIGH_CONFIDENCE,RECONSTRUCTED_FROM_PUBLISHED_BASELINE_AGGREGATES,NO,PRE_EXISTING_SOURCE_BLOCKS_PLUS_PUBLISHED_TABLE1_BASELINE_GROUP_MEANS,NO,NO,NO,INTERNAL_STANDARD_NORMALIZED_CPS_DERIVED_RESPONSE,NOT_ESTABLISHED,NOT_ESTABLISHED
