block	string_offset_contents	encoding	classification	text
1	121593	ASCII	FULL_NUMERIC_STRING	0000000000000
1	126371	UTF16LE	STRING_CONTAINS_NUMERIC_TOKEN	1/slope
1	127631	UTF16LE	STRING_CONTAINS_NUMERIC_TOKEN	95% Confidence Intervals
1	127849	ASCII	STRING_CONTAINS_NUMERIC_TOKEN	Linear reg. of 24
2	243308	ASCII	FULL_NUMERIC_STRING	0000000000000
2	248086	UTF16LE	STRING_CONTAINS_NUMERIC_TOKEN	1/slope
2	249346	UTF16LE	STRING_CONTAINS_NUMERIC_TOKEN	95% Confidence Intervals
2	249564	ASCII	STRING_CONTAINS_NUMERIC_TOKEN	Linear reg. of 25
2	253903	ASCII	STRING_CONTAINS_NUMERIC_TOKEN	_6(T
3	365027	ASCII	FULL_NUMERIC_STRING	0000000000000
3	369805	UTF16LE	STRING_CONTAINS_NUMERIC_TOKEN	1/slope
3	371065	UTF16LE	STRING_CONTAINS_NUMERIC_TOKEN	95% Confidence Intervals
3	371283	ASCII	STRING_CONTAINS_NUMERIC_TOKEN	Linear reg. of 27
4	486722	ASCII	FULL_NUMERIC_STRING	0000000000000
4	491500	UTF16LE	STRING_CONTAINS_NUMERIC_TOKEN	1/slope
4	492760	UTF16LE	STRING_CONTAINS_NUMERIC_TOKEN	95% Confidence Intervals
5	608436	ASCII	FULL_NUMERIC_STRING	0000000000000
5	613214	UTF16LE	STRING_CONTAINS_NUMERIC_TOKEN	1/slope
5	614474	UTF16LE	STRING_CONTAINS_NUMERIC_TOKEN	95% Confidence Intervals
5	624033	ASCII	STRING_CONTAINS_NUMERIC_TOKEN	Linear reg. of 24:Tabular results
5	625987	ASCII	STRING_CONTAINS_NUMERIC_TOKEN	SE    Slope    Y-intercept    X-intercept    1/slope95% Confidence Intervals    Slope    Y-intercept    X-interceptGoodness of Fit    R square    Sy.xIs slope significantly non-zero?    F    DFn, DFd    P value    Deviation from zero?EquationData    Number of X values    Maximum number of Y replicates    Total number of values    Number of missing values
5	626371	ASCII	STRING_CONTAINS_NUMERIC_TOKEN	SE    Slope    Y-intercept    X-intercept    1/slope95% Confidence Intervals    Slope    Y-intercept    X-interceptGoodness of Fit    R square    Sy.xIs slope significantly non-zero?    F    DFn, DFd    P value    Deviation from zero?EquationData    Number of X values    Maximum number of Y replicates    Total number of values    Number of missing values
5	628113	ASCII	FULL_NUMERIC_STRING	39856
5	628120	ASCII	STRING_CONTAINS_NUMERIC_TOKEN	1667-4117
5	628132	ASCII	STRING_CONTAINS_NUMERIC_TOKEN	67730.10332.509e-00535777 to 43935-20690 to 12456-0.3332 to 0.49210.989615607571.71, 6<0.0001SignificantY = 39856*X - 411710182
5	628270	ASCII	FULL_NUMERIC_STRING	39856
5	628277	ASCII	STRING_CONTAINS_NUMERIC_TOKEN	1667-4117
5	628289	ASCII	STRING_CONTAINS_NUMERIC_TOKEN	67730.10332.509e-00535777 to 43935-20690 to 12456-0.3332 to 0.49210.989615607571.71, 6<0.0001SignificantY = 39856*X - 411710182Column A
5	628875	ASCII	STRING_CONTAINS_NUMERIC_TOKEN	Linear reg. of 24:Line
5	635579	ASCII	STRING_CONTAINS_NUMERIC_TOKEN	Linear reg. of 25:Tabular results
