block	cluster_start	cluster_end	string_offset_contents	encoding	text
1	130260	131367	121593	ASCII	0000000000000
1	130260	131367	122055	UTF16LE	Linear reg.
1	130260	131367	124067	UTF16LE	    Slope
1	130260	131367	124811	UTF16LE	    Y-intercept
1	130260	131367	125591	UTF16LE	    X-intercept
1	130260	131367	126371	UTF16LE	    1/slope
1	130260	131367	127631	UTF16LE	95% Confidence Intervals
1	130260	131367	127849	ASCII	Linear reg. of 24
1	130260	131367	128449	ASCII	Tabular results
1	130260	131367	130260	ASCII	Slope
1	130260	131367	130383	ASCII	Y-intercept
1	130260	131367	130506	ASCII	X-intercept
1	130260	131367	130629	ASCII	Slope
1	130260	131367	130752	ASCII	Y-intercept
1	130260	131367	130875	ASCII	X-intercept
1	130260	131367	130998	ASCII	Slope
1	130260	131367	131121	ASCII	Y-intercept
1	130260	131367	131244	ASCII	X-intercept
1	130260	131367	131367	ASCII	Slope
1	130260	131367	131490	ASCII	Y-intercept
1	130260	131367	131613	ASCII	X-intercept
1	130260	131367	131859	ASCII	R square
1	130260	131367	132105	ASCII	Sy.x
1	130260	131367	132228	ASCII	Sy.x
1	130260	131367	132278	ASCII	Sy.x
1	130260	131367	132328	ASCII	Sy.x
1	130260	131367	132378	ASCII	Sy.x
1	130260	131367	132428	ASCII	Sy.x
1	130260	131367	132478	ASCII	Sy.x
1	130260	131367	132528	ASCII	Sy.x
1	130260	131367	132578	ASCII	Sy.x
1	130260	131367	132628	ASCII	Sy.x
1	130260	131367	132678	ASCII	Sy.x
1	130260	131367	132728	ASCII	Sy.x
1	130260	131367	132778	ASCII	Sy.x
1	130260	131367	132828	ASCII	Sy.x
1	130260	131367	132878	ASCII	Sy.x
1	130260	131367	132928	ASCII	Sy.x
1	130260	131367	132978	ASCII	Sy.x
1	130260	131367	133028	ASCII	Sy.x
1	130260	131367	133078	ASCII	Sy.x
1	130260	131367	133128	ASCII	Sy.x
1	130260	131367	133178	ASCII	Sy.x
1	130260	131367	133228	ASCII	Sy.x
1	130260	131367	133278	ASCII	Sy.x
1	130260	131367	133328	ASCII	Sy.x
1	130260	131367	133378	ASCII	Sy.x
1	130260	131367	133428	ASCII	Sy.x
1	130260	131367	133478	ASCII	Sy.x
1	130260	131367	133528	ASCII	Sy.x
1	130260	131367	133578	ASCII	Sy.x
1	130260	131367	133628	ASCII	Sy.x
1	130260	131367	133678	ASCII	Sy.x
1	130260	131367	133728	ASCII	Sy.x
1	130260	131367	133778	ASCII	Sy.x
1	130260	131367	133828	ASCII	Sy.x
1	130260	131367	133878	ASCII	Sy.x
1	130260	131367	133928	ASCII	Sy.x
1	130260	131367	133978	ASCII	Sy.x
1	130260	131367	134028	ASCII	Sy.x
1	130260	131367	134078	ASCII	Sy.x
1	130260	131367	134128	ASCII	Sy.x
1	130260	131367	134178	ASCII	Sy.x
1	130260	131367	134228	ASCII	Sy.x
1	130260	131367	134278	ASCII	Sy.x
1	130260	131367	134328	ASCII	Sy.x
1	130260	131367	134378	ASCII	Sy.x
1	130260	131367	134428	ASCII	Sy.x
1	130260	131367	134478	ASCII	Sy.x
1	130260	131367	134528	ASCII	Sy.x
1	130260	131367	134578	ASCII	Sy.x
1	130260	131367	134628	ASCII	Sy.x
1	130260	131367	134678	ASCII	Sy.x
1	130260	131367	134728	ASCII	Sy.x
1	130260	131367	134778	ASCII	Sy.x
1	130260	131367	134828	ASCII	Sy.x
1	130260	131367	134878	ASCII	Sy.x
1	130260	131367	134928	ASCII	Sy.x
1	130260	131367	134978	ASCII	Sy.x
1	130260	131367	135028	ASCII	Sy.x
1	130260	131367	135078	ASCII	Sy.x
1	130260	131367	135128	ASCII	Sy.x
1	130260	131367	135178	ASCII	Sy.x
2	251975	253082	243308	ASCII	0000000000000
2	251975	253082	243770	UTF16LE	Linear reg.
2	251975	253082	245782	UTF16LE	    Slope
2	251975	253082	246526	UTF16LE	    Y-intercept
2	251975	253082	247306	UTF16LE	    X-intercept
2	251975	253082	248086	UTF16LE	    1/slope
2	251975	253082	249346	UTF16LE	95% Confidence Intervals
2	251975	253082	249564	ASCII	Linear reg. of 25
2	251975	253082	250164	ASCII	Tabular results
2	251975	253082	251975	ASCII	Slope
2	251975	253082	252098	ASCII	Y-intercept
2	251975	253082	252221	ASCII	X-intercept
2	251975	253082	252344	ASCII	Slope
2	251975	253082	252467	ASCII	Y-intercept
2	251975	253082	252590	ASCII	X-intercept
2	251975	253082	252713	ASCII	Slope
2	251975	253082	252836	ASCII	Y-intercept
2	251975	253082	252959	ASCII	X-intercept
2	251975	253082	253082	ASCII	Slope
2	251975	253082	253205	ASCII	Y-intercept
2	251975	253082	253328	ASCII	X-intercept
2	251975	253082	253574	ASCII	R square
2	251975	253082	253820	ASCII	Sy.x
2	251975	253082	253903	ASCII	_6(T
2	251975	253082	253943	ASCII	Sy.x
2	251975	253082	253993	ASCII	Sy.x
2	251975	253082	254043	ASCII	Sy.x
2	251975	253082	254093	ASCII	Sy.x
2	251975	253082	254143	ASCII	Sy.x
2	251975	253082	254193	ASCII	Sy.x
2	251975	253082	254243	ASCII	Sy.x
2	251975	253082	254293	ASCII	Sy.x
2	251975	253082	254343	ASCII	Sy.x
2	251975	253082	254393	ASCII	Sy.x
2	251975	253082	254443	ASCII	Sy.x
2	251975	253082	254493	ASCII	Sy.x
2	251975	253082	254543	ASCII	Sy.x
2	251975	253082	254593	ASCII	Sy.x
2	251975	253082	254643	ASCII	Sy.x
2	251975	253082	254693	ASCII	Sy.x
2	251975	253082	254743	ASCII	Sy.x
2	251975	253082	254793	ASCII	Sy.x
2	251975	253082	254843	ASCII	Sy.x
2	251975	253082	254893	ASCII	Sy.x
2	251975	253082	254943	ASCII	Sy.x
2	251975	253082	254993	ASCII	Sy.x
2	251975	253082	255043	ASCII	Sy.x
2	251975	253082	255093	ASCII	Sy.x
2	251975	253082	255143	ASCII	Sy.x
2	251975	253082	255193	ASCII	Sy.x
2	251975	253082	255243	ASCII	Sy.x
2	251975	253082	255293	ASCII	Sy.x
2	251975	253082	255343	ASCII	Sy.x
2	251975	253082	255393	ASCII	Sy.x
2	251975	253082	255443	ASCII	Sy.x
2	251975	253082	255493	ASCII	Sy.x
2	251975	253082	255543	ASCII	Sy.x
2	251975	253082	255593	ASCII	Sy.x
2	251975	253082	255643	ASCII	Sy.x
2	251975	253082	255693	ASCII	Sy.x
2	251975	253082	255743	ASCII	Sy.x
2	251975	253082	255793	ASCII	Sy.x
2	251975	253082	255843	ASCII	Sy.x
2	251975	253082	255893	ASCII	Sy.x
2	251975	253082	255943	ASCII	Sy.x
2	251975	253082	255993	ASCII	Sy.x
2	251975	253082	256043	ASCII	Sy.x
2	251975	253082	256093	ASCII	Sy.x
2	251975	253082	256143	ASCII	Sy.x
2	251975	253082	256193	ASCII	Sy.x
2	251975	253082	256243	ASCII	Sy.x
2	251975	253082	256293	ASCII	Sy.x
2	251975	253082	256343	ASCII	Sy.x
2	251975	253082	256393	ASCII	Sy.x
2	251975	253082	256443	ASCII	Sy.x
2	251975	253082	256493	ASCII	Sy.x
2	251975	253082	256543	ASCII	Sy.x
2	251975	253082	256593	ASCII	Sy.x
2	251975	253082	256643	ASCII	Sy.x
2	251975	253082	256693	ASCII	Sy.x
2	251975	253082	256743	ASCII	Sy.x
2	251975	253082	256793	ASCII	Sy.x
2	251975	253082	256843	ASCII	Sy.x
2	251975	253082	256893	ASCII	Sy.x
3	373694	374801	365027	ASCII	0000000000000
3	373694	374801	365489	UTF16LE	Linear reg.
3	373694	374801	367501	UTF16LE	    Slope
3	373694	374801	368245	UTF16LE	    Y-intercept
3	373694	374801	369025	UTF16LE	    X-intercept
3	373694	374801	369805	UTF16LE	    1/slope
3	373694	374801	371065	UTF16LE	95% Confidence Intervals
3	373694	374801	371283	ASCII	Linear reg. of 27
3	373694	374801	371883	ASCII	Tabular results
3	373694	374801	373694	ASCII	Slope
3	373694	374801	373817	ASCII	Y-intercept
3	373694	374801	373940	ASCII	X-intercept
3	373694	374801	374063	ASCII	Slope
3	373694	374801	374186	ASCII	Y-intercept
3	373694	374801	374309	ASCII	X-intercept
3	373694	374801	374432	ASCII	Slope
3	373694	374801	374555	ASCII	Y-intercept
3	373694	374801	374678	ASCII	X-intercept
3	373694	374801	374801	ASCII	Slope
3	373694	374801	374924	ASCII	Y-intercept
3	373694	374801	375047	ASCII	X-intercept
3	373694	374801	375293	ASCII	R square
3	373694	374801	375539	ASCII	Sy.x
3	373694	374801	375662	ASCII	Sy.x
3	373694	374801	375712	ASCII	Sy.x
3	373694	374801	375762	ASCII	Sy.x
3	373694	374801	375812	ASCII	Sy.x
3	373694	374801	375862	ASCII	Sy.x
3	373694	374801	375912	ASCII	Sy.x
3	373694	374801	375962	ASCII	Sy.x
3	373694	374801	376012	ASCII	Sy.x
3	373694	374801	376062	ASCII	Sy.x
3	373694	374801	376112	ASCII	Sy.x
3	373694	374801	376162	ASCII	Sy.x
3	373694	374801	376212	ASCII	Sy.x
3	373694	374801	376262	ASCII	Sy.x
3	373694	374801	376312	ASCII	Sy.x
3	373694	374801	376362	ASCII	Sy.x
3	373694	374801	376412	ASCII	Sy.x
3	373694	374801	376462	ASCII	Sy.x
3	373694	374801	376512	ASCII	Sy.x
3	373694	374801	376562	ASCII	Sy.x
3	373694	374801	376612	ASCII	Sy.x
3	373694	374801	376662	ASCII	Sy.x
3	373694	374801	376712	ASCII	Sy.x
3	373694	374801	376762	ASCII	Sy.x
3	373694	374801	376812	ASCII	Sy.x
3	373694	374801	376862	ASCII	Sy.x
3	373694	374801	376912	ASCII	Sy.x
3	373694	374801	376962	ASCII	Sy.x
3	373694	374801	377012	ASCII	Sy.x
3	373694	374801	377062	ASCII	Sy.x
3	373694	374801	377112	ASCII	Sy.x
3	373694	374801	377162	ASCII	Sy.x
3	373694	374801	377212	ASCII	Sy.x
3	373694	374801	377262	ASCII	Sy.x
3	373694	374801	377312	ASCII	Sy.x
3	373694	374801	377362	ASCII	Sy.x
3	373694	374801	377412	ASCII	Sy.x
3	373694	374801	377462	ASCII	Sy.x
3	373694	374801	377512	ASCII	Sy.x
3	373694	374801	377562	ASCII	Sy.x
3	373694	374801	377612	ASCII	Sy.x
3	373694	374801	377662	ASCII	Sy.x
3	373694	374801	377712	ASCII	Sy.x
3	373694	374801	377762	ASCII	Sy.x
3	373694	374801	377812	ASCII	Sy.x
3	373694	374801	377862	ASCII	Sy.x
3	373694	374801	377912	ASCII	Sy.x
3	373694	374801	377962	ASCII	Sy.x
3	373694	374801	378012	ASCII	Sy.x
3	373694	374801	378062	ASCII	Sy.x
3	373694	374801	378112	ASCII	Sy.x
3	373694	374801	378162	ASCII	Sy.x
3	373694	374801	378212	ASCII	Sy.x
3	373694	374801	378262	ASCII	Sy.x
3	373694	374801	378312	ASCII	Sy.x
3	373694	374801	378362	ASCII	Sy.x
3	373694	374801	378412	ASCII	Sy.x
3	373694	374801	378462	ASCII	Sy.x
3	373694	374801	378512	ASCII	Sy.x
3	373694	374801	378562	ASCII	Sy.x
3	373694	374801	378612	ASCII	Sy.x
4	495392	496499	486722	ASCII	0000000000000
4	495392	496499	487184	UTF16LE	Linear reg.
4	495392	496499	489196	UTF16LE	    Slope
4	495392	496499	489940	UTF16LE	    Y-intercept
4	495392	496499	490720	UTF16LE	    X-intercept
4	495392	496499	491500	UTF16LE	    1/slope
4	495392	496499	492760	UTF16LE	95% Confidence Intervals
4	495392	496499	492978	ASCII	Linear reg. of 7beta
4	495392	496499	493581	ASCII	Tabular results
4	495392	496499	495392	ASCII	Slope
4	495392	496499	495515	ASCII	Y-intercept
4	495392	496499	495638	ASCII	X-intercept
4	495392	496499	495761	ASCII	Slope
4	495392	496499	495884	ASCII	Y-intercept
4	495392	496499	496007	ASCII	X-intercept
4	495392	496499	496130	ASCII	Slope
4	495392	496499	496253	ASCII	Y-intercept
4	495392	496499	496376	ASCII	X-intercept
4	495392	496499	496499	ASCII	Slope
4	495392	496499	496622	ASCII	Y-intercept
4	495392	496499	496745	ASCII	X-intercept
4	495392	496499	496991	ASCII	R square
4	495392	496499	497237	ASCII	Sy.x
4	495392	496499	497360	ASCII	Sy.x
4	495392	496499	497410	ASCII	Sy.x
4	495392	496499	497460	ASCII	Sy.x
4	495392	496499	497510	ASCII	Sy.x
4	495392	496499	497560	ASCII	Sy.x
4	495392	496499	497610	ASCII	Sy.x
4	495392	496499	497660	ASCII	Sy.x
4	495392	496499	497710	ASCII	Sy.x
4	495392	496499	497760	ASCII	Sy.x
4	495392	496499	497810	ASCII	Sy.x
4	495392	496499	497860	ASCII	Sy.x
4	495392	496499	497910	ASCII	Sy.x
4	495392	496499	497960	ASCII	Sy.x
4	495392	496499	498010	ASCII	Sy.x
4	495392	496499	498060	ASCII	Sy.x
4	495392	496499	498110	ASCII	Sy.x
4	495392	496499	498160	ASCII	Sy.x
4	495392	496499	498210	ASCII	Sy.x
4	495392	496499	498260	ASCII	Sy.x
4	495392	496499	498310	ASCII	Sy.x
4	495392	496499	498360	ASCII	Sy.x
4	495392	496499	498410	ASCII	Sy.x
4	495392	496499	498460	ASCII	Sy.x
4	495392	496499	498510	ASCII	Sy.x
4	495392	496499	498560	ASCII	Sy.x
4	495392	496499	498610	ASCII	Sy.x
4	495392	496499	498660	ASCII	Sy.x
4	495392	496499	498710	ASCII	Sy.x
4	495392	496499	498760	ASCII	Sy.x
4	495392	496499	498810	ASCII	Sy.x
4	495392	496499	498860	ASCII	Sy.x
4	495392	496499	498910	ASCII	Sy.x
4	495392	496499	498960	ASCII	Sy.x
4	495392	496499	499010	ASCII	Sy.x
4	495392	496499	499060	ASCII	Sy.x
4	495392	496499	499110	ASCII	Sy.x
4	495392	496499	499160	ASCII	Sy.x
4	495392	496499	499210	ASCII	Sy.x
4	495392	496499	499260	ASCII	Sy.x
4	495392	496499	499310	ASCII	Sy.x
4	495392	496499	499360	ASCII	Sy.x
4	495392	496499	499410	ASCII	Sy.x
4	495392	496499	499460	ASCII	Sy.x
4	495392	496499	499510	ASCII	Sy.x
4	495392	496499	499560	ASCII	Sy.x
4	495392	496499	499610	ASCII	Sy.x
4	495392	496499	499660	ASCII	Sy.x
4	495392	496499	499710	ASCII	Sy.x
4	495392	496499	499760	ASCII	Sy.x
4	495392	496499	499810	ASCII	Sy.x
4	495392	496499	499860	ASCII	Sy.x
4	495392	496499	499910	ASCII	Sy.x
4	495392	496499	499960	ASCII	Sy.x
4	495392	496499	500010	ASCII	Sy.x
4	495392	496499	500060	ASCII	Sy.x
4	495392	496499	500110	ASCII	Sy.x
4	495392	496499	500160	ASCII	Sy.x
4	495392	496499	500210	ASCII	Sy.x
4	495392	496499	500260	ASCII	Sy.x
4	495392	496499	500310	ASCII	Sy.x
5	617106	618213	608436	ASCII	0000000000000
5	617106	618213	608898	UTF16LE	Linear reg.
5	617106	618213	610910	UTF16LE	    Slope
5	617106	618213	611654	UTF16LE	    Y-intercept
5	617106	618213	612434	UTF16LE	    X-intercept
5	617106	618213	613214	UTF16LE	    1/slope
5	617106	618213	614474	UTF16LE	95% Confidence Intervals
5	617106	618213	614692	ASCII	Linear reg. of 7keto
5	617106	618213	615295	ASCII	Tabular results
5	617106	618213	617106	ASCII	Slope
5	617106	618213	617229	ASCII	Y-intercept
5	617106	618213	617352	ASCII	X-intercept
5	617106	618213	617475	ASCII	Slope
5	617106	618213	617598	ASCII	Y-intercept
5	617106	618213	617721	ASCII	X-intercept
5	617106	618213	617844	ASCII	Slope
5	617106	618213	617967	ASCII	Y-intercept
5	617106	618213	618090	ASCII	X-intercept
5	617106	618213	618213	ASCII	Slope
5	617106	618213	618336	ASCII	Y-intercept
5	617106	618213	618459	ASCII	X-intercept
5	617106	618213	618705	ASCII	R square
5	617106	618213	618951	ASCII	Sy.x
5	617106	618213	619074	ASCII	Sy.x
5	617106	618213	619124	ASCII	Sy.x
5	617106	618213	619174	ASCII	Sy.x
5	617106	618213	619224	ASCII	Sy.x
5	617106	618213	619274	ASCII	Sy.x
5	617106	618213	619324	ASCII	Sy.x
5	617106	618213	619374	ASCII	Sy.x
5	617106	618213	619424	ASCII	Sy.x
5	617106	618213	619474	ASCII	Sy.x
5	617106	618213	619524	ASCII	Sy.x
5	617106	618213	619574	ASCII	Sy.x
5	617106	618213	619624	ASCII	Sy.x
5	617106	618213	619674	ASCII	Sy.x
5	617106	618213	619724	ASCII	Sy.x
5	617106	618213	619774	ASCII	Sy.x
5	617106	618213	619824	ASCII	Sy.x
5	617106	618213	619874	ASCII	Sy.x
5	617106	618213	619924	ASCII	Sy.x
5	617106	618213	619974	ASCII	Sy.x
5	617106	618213	620024	ASCII	Sy.x
5	617106	618213	620074	ASCII	Sy.x
5	617106	618213	620124	ASCII	Sy.x
5	617106	618213	620174	ASCII	Sy.x
5	617106	618213	620224	ASCII	Sy.x
5	617106	618213	620274	ASCII	Sy.x
5	617106	618213	620324	ASCII	Sy.x
5	617106	618213	620374	ASCII	Sy.x
5	617106	618213	620424	ASCII	Sy.x
5	617106	618213	620474	ASCII	Sy.x
5	617106	618213	620524	ASCII	Sy.x
5	617106	618213	620574	ASCII	Sy.x
5	617106	618213	620624	ASCII	Sy.x
5	617106	618213	620674	ASCII	Sy.x
5	617106	618213	620724	ASCII	Sy.x
5	617106	618213	620774	ASCII	Sy.x
5	617106	618213	620824	ASCII	Sy.x
5	617106	618213	620874	ASCII	Sy.x
5	617106	618213	620924	ASCII	Sy.x
5	617106	618213	620974	ASCII	Sy.x
5	617106	618213	621024	ASCII	Sy.x
5	617106	618213	621074	ASCII	Sy.x
5	617106	618213	621124	ASCII	Sy.x
5	617106	618213	621174	ASCII	Sy.x
5	617106	618213	621224	ASCII	Sy.x
5	617106	618213	621274	ASCII	Sy.x
5	617106	618213	621324	ASCII	Sy.x
5	617106	618213	621374	ASCII	Sy.x
5	617106	618213	621424	ASCII	Sy.x
5	617106	618213	621474	ASCII	Sy.x
5	617106	618213	621524	ASCII	Sy.x
5	617106	618213	621574	ASCII	Sy.x
5	617106	618213	621624	ASCII	Sy.x
5	617106	618213	621674	ASCII	Sy.x
5	617106	618213	621724	ASCII	Sy.x
5	617106	618213	621774	ASCII	Sy.x
5	617106	618213	621824	ASCII	Sy.x
5	617106	618213	621874	ASCII	Sy.x
5	617106	618213	621924	ASCII	Sy.x
5	617106	618213	621974	ASCII	Sy.x
5	617106	618213	622024	ASCII	Sy.x
5	617106	618213	624033	ASCII	Linear reg. of 24:Tabular results
5	617106	618213	625987	ASCII	 SE    Slope    Y-intercept    X-intercept    1/slope95% Confidence Intervals    Slope    Y-intercept    X-interceptGoodness of Fit    R square    Sy.xIs slope significantly non-zero?    F    DFn, DFd    P value    Deviation from zero?EquationData    Number of X values    Maximum number of Y replicates    Total number of values    Number of missing values
5	617106	618213	626371	ASCII	 SE    Slope    Y-intercept    X-intercept    1/slope95% Confidence Intervals    Slope    Y-intercept    X-interceptGoodness of Fit    R square    Sy.xIs slope significantly non-zero?    F    DFn, DFd    P value    Deviation from zero?EquationData    Number of X values    Maximum number of Y replicates    Total number of values    Number of missing values
5	617106	618213	628113	ASCII	39856 
5	617106	618213	628120	ASCII	 1667-4117 
5	617106	618213	628132	ASCII	 67730.10332.509e-00535777 to 43935-20690 to 12456-0.3332 to 0.49210.989615607571.71, 6<0.0001SignificantY = 39856*X - 411710182
5	617106	618213	628270	ASCII	39856 
5	617106	618213	628277	ASCII	 1667-4117 
5	617106	618213	628289	ASCII	 67730.10332.509e-00535777 to 43935-20690 to 12456-0.3332 to 0.49210.989615607571.71, 6<0.0001SignificantY = 39856*X - 411710182Column A
5	617106	618213	628875	ASCII	Linear reg. of 24:Line
5	617106	618213	635579	ASCII	Linear reg. of 25:Tabular results
