relative_path	license	category
.gitignore	CC-BY-4.0	ORIGINAL_DOCUMENTATION_METADATA
CITATION.cff	CC-BY-4.0	ORIGINAL_DOCUMENTATION_METADATA
LICENSE.md	CC-BY-4.0	ORIGINAL_DOCUMENTATION_METADATA
LICENSES/CC-BY-4.0-NOTICE.txt	CC-BY-4.0	ORIGINAL_DOCUMENTATION_METADATA
LICENSES/CC-BY-NC-3.0-NOTICE.txt	CC-BY-4.0	ORIGINAL_DOCUMENTATION_METADATA
LICENSES/MIT.txt	CC-BY-4.0	ORIGINAL_DOCUMENTATION_METADATA
PUBLICATION_GUARDRAILS.md	CC-BY-4.0	ORIGINAL_DOCUMENTATION_METADATA
README.md	CC-BY-4.0	ORIGINAL_DOCUMENTATION_METADATA
RELEASE_NOTES.md	CC-BY-4.0	ORIGINAL_DOCUMENTATION_METADATA
REPRODUCIBILITY.md	CC-BY-4.0	ORIGINAL_DOCUMENTATION_METADATA
SOURCE_DATA.md	CC-BY-4.0	ORIGINAL_DOCUMENTATION_METADATA
SOURCE_LICENSE_AND_ATTRIBUTION.md	CC-BY-4.0	ORIGINAL_DOCUMENTATION_METADATA
ZENODO_MANUAL_DEPOSIT_PLAN.tsv	CC-BY-4.0	ORIGINAL_DOCUMENTATION_METADATA
analysis/R2E_prism_ole_stream_recovery/inventory/cfb_stream_inventory.tsv	CC-BY-NC-3.0	SOURCE_DERIVED_ANALYTICAL_ARTIFACT
analysis/R2E_prism_ole_stream_recovery/inventory/prism_ole_stream_strings.tsv	CC-BY-NC-3.0	SOURCE_DERIVED_ANALYTICAL_ARTIFACT
analysis/R2F_native_prism_decoder_preflight/windows_prism_detection.txt	CC-BY-NC-3.0	SOURCE_DERIVED_ANALYTICAL_ARTIFACT
analysis/R2G_prism_regression_serialization_adjudication/inventory/R2G_readable_numeric_candidates.tsv	CC-BY-NC-3.0	SOURCE_DERIVED_ANALYTICAL_ARTIFACT
analysis/R2G_prism_regression_serialization_adjudication/inventory/R2G_regression_block_context.tsv	CC-BY-NC-3.0	SOURCE_DERIVED_ANALYTICAL_ARTIFACT
analysis/R2H_stored_calibration_equation_recovery/inventory/R2H_axis_unit_labels.tsv	CC-BY-NC-3.0	SOURCE_DERIVED_ANALYTICAL_ARTIFACT
analysis/R2H_stored_calibration_equation_recovery/inventory/R2H_stored_prism_equations.tsv	CC-BY-NC-3.0	SOURCE_DERIVED_ANALYTICAL_ARTIFACT
analysis/R2H_stored_calibration_equation_recovery/inventory/R2H_stored_result_payloads.tsv	CC-BY-NC-3.0	SOURCE_DERIVED_ANALYTICAL_ARTIFACT
analysis/R2I_prism_parameter_reconciliation/OX_G2A_R2I_reconciled_stored_prism_parameters.tsv	CC-BY-NC-3.0	SOURCE_DERIVED_ANALYTICAL_ARTIFACT
analysis/R2J_clinical_block_identity_reconstruction/OX_G2A_R2J_clinical_block_identity_evidence.tsv	CC-BY-NC-3.0	SOURCE_DERIVED_ANALYTICAL_ARTIFACT
analysis/R2J_clinical_block_identity_reconstruction/OX_G2A_R2J_secondary_longitudinal_block_response.tsv	CC-BY-NC-3.0	SOURCE_DERIVED_ANALYTICAL_ARTIFACT
analysis/R2K_provenance_complete_ledger/OX_G2A_R2K_analysis_admissibility_boundaries.tsv	CC-BY-NC-3.0	SOURCE_DERIVED_ANALYTICAL_ARTIFACT
analysis/R2K_provenance_complete_ledger/OX_G2A_R2K_subject_block_group_crosswalk.tsv	CC-BY-NC-3.0	SOURCE_DERIVED_ANALYTICAL_ARTIFACT
analysis/R2K_provenance_complete_ledger/OX_G2A_simvastatin_provenance_complete_ledger_R2K.csv	CC-BY-NC-3.0	SOURCE_DERIVED_ANALYTICAL_ARTIFACT
analysis/R2L_measurement_scale_admissibility/OX_G2A_R2L_analysis_admissibility_matrix.tsv	CC-BY-NC-3.0	SOURCE_DERIVED_ANALYTICAL_ARTIFACT
analysis/R2L_measurement_scale_admissibility/OX_G2A_R2L_measurement_scale_contract.tsv	CC-BY-NC-3.0	SOURCE_DERIVED_ANALYTICAL_ARTIFACT
analysis/R2L_measurement_scale_admissibility/OX_G2A_R2L_next_phase_guardrails.txt	CC-BY-NC-3.0	SOURCE_DERIVED_ANALYTICAL_ARTIFACT
analysis/R2L_measurement_scale_admissibility/OX_G2A_R2L_signal_integrity_audit.tsv	CC-BY-NC-3.0	SOURCE_DERIVED_ANALYTICAL_ARTIFACT
analysis/R2M_longitudinal_topology_design_preflight/OX_G2A_R2M_design_feasibility_qc.tsv	CC-BY-NC-3.0	SOURCE_DERIVED_ANALYTICAL_ARTIFACT
analysis/R2M_longitudinal_topology_design_preflight/OX_G2A_R2M_estimand_hierarchy.tsv	CC-BY-NC-3.0	SOURCE_DERIVED_ANALYTICAL_ARTIFACT
analysis/R2M_longitudinal_topology_design_preflight/OX_G2A_R2M_exact_inference_contract.tsv	CC-BY-NC-3.0	SOURCE_DERIVED_ANALYTICAL_ARTIFACT
analysis/R2M_longitudinal_topology_design_preflight/OX_G2A_R2M_multiplicity_hierarchy.tsv	CC-BY-NC-3.0	SOURCE_DERIVED_ANALYTICAL_ARTIFACT
analysis/R2M_longitudinal_topology_design_preflight/OX_G2A_R2M_reporting_and_interpretation_contract.txt	CC-BY-NC-3.0	SOURCE_DERIVED_ANALYTICAL_ARTIFACT
analysis/R2N_primary_topology_execution_preflight/OX_G2A_R2N_R2O_output_schema.tsv	CC-BY-NC-3.0	SOURCE_DERIVED_ANALYTICAL_ARTIFACT
analysis/R2N_primary_topology_execution_preflight/OX_G2A_R2N_numerical_implementation_contract.txt	CC-BY-NC-3.0	SOURCE_DERIVED_ANALYTICAL_ARTIFACT
analysis/R2N_primary_topology_execution_preflight/OX_G2A_R2N_primary_execution_specification.tsv	CC-BY-NC-3.0	SOURCE_DERIVED_ANALYTICAL_ARTIFACT
analysis/R2N_primary_topology_execution_preflight/OX_G2A_R2N_primary_topology_engine_v1.py	MIT	ORIGINAL_EXECUTABLE_CODE
analysis/R2N_primary_topology_execution_preflight/OX_G2A_R2N_synthetic_engine_unit_tests.tsv	CC-BY-NC-3.0	SOURCE_DERIVED_ANALYTICAL_ARTIFACT
analysis/R2O_primary_longitudinal_topology_execution/P1_direction_components.tsv	CC-BY-NC-3.0	SOURCE_DERIVED_ANALYTICAL_ARTIFACT
analysis/R2O_primary_longitudinal_topology_execution/P2_edge_deltas.tsv	CC-BY-NC-3.0	SOURCE_DERIVED_ANALYTICAL_ARTIFACT
analysis/R2O_primary_longitudinal_topology_execution/P2_rank_network_A.tsv	CC-BY-NC-3.0	SOURCE_DERIVED_ANALYTICAL_ARTIFACT
analysis/R2O_primary_longitudinal_topology_execution/P2_rank_network_B.tsv	CC-BY-NC-3.0	SOURCE_DERIVED_ANALYTICAL_ARTIFACT
analysis/R2O_primary_longitudinal_topology_execution/P3_rank_centroid_components.tsv	CC-BY-NC-3.0	SOURCE_DERIVED_ANALYTICAL_ARTIFACT
analysis/R2O_primary_longitudinal_topology_execution/R2O_primary_execution_qc.tsv	CC-BY-NC-3.0	SOURCE_DERIVED_ANALYTICAL_ARTIFACT
analysis/R2O_primary_longitudinal_topology_execution/primary_global_results.tsv	CC-BY-NC-3.0	SOURCE_DERIVED_ANALYTICAL_ARTIFACT
analysis/R2O_primary_longitudinal_topology_execution/primary_permutation_distributions.tsv	CC-BY-NC-3.0	SOURCE_DERIVED_ANALYTICAL_ARTIFACT
analysis/R2P_primary_result_adjudication/OX_G2A_R2P_P2_edge_followup_contract.tsv	CC-BY-NC-3.0	SOURCE_DERIVED_ANALYTICAL_ARTIFACT
analysis/R2P_primary_result_adjudication/OX_G2A_R2P_primary_interpretation_guardrails.txt	CC-BY-NC-3.0	SOURCE_DERIVED_ANALYTICAL_ARTIFACT
analysis/R2P_primary_result_adjudication/OX_G2A_R2P_primary_result_adjudication.tsv	CC-BY-NC-3.0	SOURCE_DERIVED_ANALYTICAL_ARTIFACT
analysis/R2P_primary_result_adjudication/OX_G2A_R2P_synthetic_maxT_validation.tsv	CC-BY-NC-3.0	SOURCE_DERIVED_ANALYTICAL_ARTIFACT
analysis/R2Q_P2_hierarchical_edge_maxT_execution/OX_G2A_R2Q_P2_edge_interpretation_boundaries.txt	CC-BY-NC-3.0	SOURCE_DERIVED_ANALYTICAL_ARTIFACT
analysis/R2Q_P2_hierarchical_edge_maxT_execution/P2_edge_exact_maxT_results.tsv	CC-BY-NC-3.0	SOURCE_DERIVED_ANALYTICAL_ARTIFACT
analysis/R2Q_P2_hierarchical_edge_maxT_execution/P2_edge_permutation_distributions.tsv	CC-BY-NC-3.0	SOURCE_DERIVED_ANALYTICAL_ARTIFACT
analysis/R2Q_P2_hierarchical_edge_maxT_execution/P2_maxT_null_distribution_summary.tsv	CC-BY-NC-3.0	SOURCE_DERIVED_ANALYTICAL_ARTIFACT
analysis/R2Q_P2_hierarchical_edge_maxT_execution/R2Q_P2_edge_execution_qc.tsv	CC-BY-NC-3.0	SOURCE_DERIVED_ANALYTICAL_ARTIFACT
analysis/R2R_S2_rank_displacement_execution_preflight/OX_G2A_R2R_R2Q_edge_result_adjudication.tsv	CC-BY-NC-3.0	SOURCE_DERIVED_ANALYTICAL_ARTIFACT
analysis/R2R_S2_rank_displacement_execution_preflight/OX_G2A_R2R_R2S_output_schema.tsv	CC-BY-NC-3.0	SOURCE_DERIVED_ANALYTICAL_ARTIFACT
analysis/R2R_S2_rank_displacement_execution_preflight/OX_G2A_R2R_S2_execution_contract.tsv	CC-BY-NC-3.0	SOURCE_DERIVED_ANALYTICAL_ARTIFACT
analysis/R2R_S2_rank_displacement_execution_preflight/OX_G2A_R2R_S2_rank_displacement_engine_v1.py	MIT	ORIGINAL_EXECUTABLE_CODE
analysis/R2R_S2_rank_displacement_execution_preflight/OX_G2A_R2R_S2_synthetic_unit_tests.tsv	CC-BY-NC-3.0	SOURCE_DERIVED_ANALYTICAL_ARTIFACT
analysis/R2S_S2_between_group_rank_displacement_execution/OX_G2A_R2S_S2_interpretation_boundaries.txt	CC-BY-NC-3.0	SOURCE_DERIVED_ANALYTICAL_ARTIFACT
analysis/R2S_S2_between_group_rank_displacement_execution/R2S_S2_execution_qc.tsv	CC-BY-NC-3.0	SOURCE_DERIVED_ANALYTICAL_ARTIFACT
analysis/R2S_S2_between_group_rank_displacement_execution/S2_global_result.tsv	CC-BY-NC-3.0	SOURCE_DERIVED_ANALYTICAL_ARTIFACT
analysis/R2S_S2_between_group_rank_displacement_execution/S2_group_difference_components.tsv	CC-BY-NC-3.0	SOURCE_DERIVED_ANALYTICAL_ARTIFACT
analysis/R2S_S2_between_group_rank_displacement_execution/S2_permutation_distribution.tsv	CC-BY-NC-3.0	SOURCE_DERIVED_ANALYTICAL_ARTIFACT
analysis/R2S_S2_between_group_rank_displacement_execution/S2_permutation_distribution_summary.tsv	CC-BY-NC-3.0	SOURCE_DERIVED_ANALYTICAL_ARTIFACT
analysis/R2S_S2_between_group_rank_displacement_execution/S2_subject_rank_displacements.tsv	CC-BY-NC-3.0	SOURCE_DERIVED_ANALYTICAL_ARTIFACT
analysis/R2T_S1_control_anchored_departure_preflight/OX_G2A_R2T_R2U_output_schema.tsv	CC-BY-NC-3.0	SOURCE_DERIVED_ANALYTICAL_ARTIFACT
analysis/R2T_S1_control_anchored_departure_preflight/OX_G2A_R2T_S1_control_anchored_departure_engine_v1.py	MIT	ORIGINAL_EXECUTABLE_CODE
analysis/R2T_S1_control_anchored_departure_preflight/OX_G2A_R2T_S1_execution_contract.tsv	CC-BY-NC-3.0	SOURCE_DERIVED_ANALYTICAL_ARTIFACT
analysis/R2T_S1_control_anchored_departure_preflight/OX_G2A_R2T_S1_interpretation_guardrails.txt	CC-BY-NC-3.0	SOURCE_DERIVED_ANALYTICAL_ARTIFACT
analysis/R2T_S1_control_anchored_departure_preflight/OX_G2A_R2T_S1_synthetic_unit_tests.tsv	CC-BY-NC-3.0	SOURCE_DERIVED_ANALYTICAL_ARTIFACT
analysis/R2U_S1_control_anchored_departure_execution/OX_G2A_R2U_S1_interpretation_boundaries.txt	CC-BY-NC-3.0	SOURCE_DERIVED_ANALYTICAL_ARTIFACT
analysis/R2U_S1_control_anchored_departure_execution/R2U_S1_execution_qc.tsv	CC-BY-NC-3.0	SOURCE_DERIVED_ANALYTICAL_ARTIFACT
analysis/R2U_S1_control_anchored_departure_execution/S1_control_reference.tsv	CC-BY-NC-3.0	SOURCE_DERIVED_ANALYTICAL_ARTIFACT
analysis/R2U_S1_control_anchored_departure_execution/S1_global_result.tsv	CC-BY-NC-3.0	SOURCE_DERIVED_ANALYTICAL_ARTIFACT
analysis/R2U_S1_control_anchored_departure_execution/S1_permutation_distribution.tsv	CC-BY-NC-3.0	SOURCE_DERIVED_ANALYTICAL_ARTIFACT
analysis/R2U_S1_control_anchored_departure_execution/S1_permutation_distribution_summary.tsv	CC-BY-NC-3.0	SOURCE_DERIVED_ANALYTICAL_ARTIFACT
analysis/R2U_S1_control_anchored_departure_execution/S1_subject_departures.tsv	CC-BY-NC-3.0	SOURCE_DERIVED_ANALYTICAL_ARTIFACT
analysis/R2V_S3_S4_response_scale_sensitivity_preflight/OX_G2A_R2V_R2U_S1_result_adjudication.tsv	CC-BY-NC-3.0	SOURCE_DERIVED_ANALYTICAL_ARTIFACT
analysis/R2V_S3_S4_response_scale_sensitivity_preflight/OX_G2A_R2V_R2W_output_schema.tsv	CC-BY-NC-3.0	SOURCE_DERIVED_ANALYTICAL_ARTIFACT
analysis/R2V_S3_S4_response_scale_sensitivity_preflight/OX_G2A_R2V_S3_S4_execution_contract.tsv	CC-BY-NC-3.0	SOURCE_DERIVED_ANALYTICAL_ARTIFACT
analysis/R2V_S3_S4_response_scale_sensitivity_preflight/OX_G2A_R2V_S3_S4_interpretation_guardrails.txt	CC-BY-NC-3.0	SOURCE_DERIVED_ANALYTICAL_ARTIFACT
analysis/R2V_S3_S4_response_scale_sensitivity_preflight/OX_G2A_R2V_S3_S4_response_scale_engine_v1.py	MIT	ORIGINAL_EXECUTABLE_CODE
analysis/R2V_S3_S4_response_scale_sensitivity_preflight/OX_G2A_R2V_S3_S4_synthetic_unit_tests.tsv	CC-BY-NC-3.0	SOURCE_DERIVED_ANALYTICAL_ARTIFACT
analysis/R2W_S3_S4_response_scale_sensitivity_execution/OX_G2A_R2W_S3_S4_interpretation_boundaries.txt	CC-BY-NC-3.0	SOURCE_DERIVED_ANALYTICAL_ARTIFACT
analysis/R2W_S3_S4_response_scale_sensitivity_execution/R2W_S3_S4_execution_qc.tsv	CC-BY-NC-3.0	SOURCE_DERIVED_ANALYTICAL_ARTIFACT
analysis/R2W_S3_S4_response_scale_sensitivity_execution/S3_S4_subject_log_response.tsv	CC-BY-NC-3.0	SOURCE_DERIVED_ANALYTICAL_ARTIFACT
analysis/R2W_S3_S4_response_scale_sensitivity_execution/S3_control_per_analyte.tsv	CC-BY-NC-3.0	SOURCE_DERIVED_ANALYTICAL_ARTIFACT
analysis/R2W_S3_S4_response_scale_sensitivity_execution/S3_hyper_per_analyte.tsv	CC-BY-NC-3.0	SOURCE_DERIVED_ANALYTICAL_ARTIFACT
analysis/R2W_S3_S4_response_scale_sensitivity_execution/S3_permutation_distributions.tsv	CC-BY-NC-3.0	SOURCE_DERIVED_ANALYTICAL_ARTIFACT
analysis/R2W_S3_S4_response_scale_sensitivity_execution/S4_between_group_per_analyte.tsv	CC-BY-NC-3.0	SOURCE_DERIVED_ANALYTICAL_ARTIFACT
analysis/R2W_S3_S4_response_scale_sensitivity_execution/S4_permutation_distributions.tsv	CC-BY-NC-3.0	SOURCE_DERIVED_ANALYTICAL_ARTIFACT
analysis/R2X_integrated_result_freeze/OX_G2A_R2X_integrated_claims_ledger.tsv	CC-BY-NC-3.0	SOURCE_DERIVED_ANALYTICAL_ARTIFACT
analysis/R2X_integrated_result_freeze/OX_G2A_R2X_limitations_and_provenance.txt	CC-BY-NC-3.0	SOURCE_DERIVED_ANALYTICAL_ARTIFACT
analysis/R2X_integrated_result_freeze/OX_G2A_R2X_manuscript_result_hierarchy.txt	CC-BY-NC-3.0	SOURCE_DERIVED_ANALYTICAL_ARTIFACT
analysis/R2X_integrated_result_freeze/OX_G2A_R2X_publication_figure_architecture.tsv	CC-BY-NC-3.0	SOURCE_DERIVED_ANALYTICAL_ARTIFACT
analysis/R2Y_publication_figure_implementation_preflight/OX_G2A_R2Y_Figure1_study_design_summary.tsv	CC-BY-NC-3.0	SOURCE_DERIVED_ANALYTICAL_ARTIFACT
analysis/R2Y_publication_figure_implementation_preflight/OX_G2A_R2Y_Figure2_P1_subject_direction_matrix.tsv	CC-BY-NC-3.0	SOURCE_DERIVED_ANALYTICAL_ARTIFACT
analysis/R2Y_publication_figure_implementation_preflight/OX_G2A_R2Y_Figure2_P3_subject_rank_score_displacement.tsv	CC-BY-NC-3.0	SOURCE_DERIVED_ANALYTICAL_ARTIFACT
analysis/R2Y_publication_figure_implementation_preflight/OX_G2A_R2Y_R2Z_expected_outputs.tsv	CC-BY-NC-3.0	SOURCE_DERIVED_ANALYTICAL_ARTIFACT
analysis/R2Y_publication_figure_implementation_preflight/OX_G2A_R2Y_figure_source_manifest.tsv	CC-BY-NC-3.0	SOURCE_DERIVED_ANALYTICAL_ARTIFACT
analysis/R2Y_publication_figure_implementation_preflight/OX_G2A_R2Y_no_recalculation_contract.txt	CC-BY-NC-3.0	SOURCE_DERIVED_ANALYTICAL_ARTIFACT
analysis/R2Y_publication_figure_implementation_preflight/OX_G2A_R2Y_panel_implementation_spec.tsv	CC-BY-NC-3.0	SOURCE_DERIVED_ANALYTICAL_ARTIFACT
analysis/R2Y_publication_figure_implementation_preflight/OX_G2A_R2Y_visual_design_system.tsv	CC-BY-NC-3.0	SOURCE_DERIVED_ANALYTICAL_ARTIFACT
analysis/R2Z_publication_figure_generation/OX_G2A_R2Z_figure_provenance.tsv	CC-BY-NC-3.0	SOURCE_DERIVED_ANALYTICAL_ARTIFACT
analysis/R2Z_publication_figure_generation/OX_G2A_R2Z_manual_visual_QA_checklist.tsv	CC-BY-NC-3.0	SOURCE_DERIVED_ANALYTICAL_ARTIFACT
analysis/R2Z_publication_figure_generation/OX_G2A_R2Z_publication_figure_generator_v1.py	MIT	ORIGINAL_EXECUTABLE_CODE
analysis/R2Z_publication_figure_generation/OX_G2A_R2Z_publication_figure_output_manifest.tsv	CC-BY-NC-3.0	SOURCE_DERIVED_ANALYTICAL_ARTIFACT
analysis/R3A_post_visual_QA_publication_figure_freeze/OX_G2A_R3A_Figure4_layout_only_regenerator_v1.py	MIT	ORIGINAL_EXECUTABLE_CODE
analysis/R3A_post_visual_QA_publication_figure_freeze/OX_G2A_R3A_final_publication_figure_manifest.tsv	CC-BY-NC-3.0	SOURCE_DERIVED_ANALYTICAL_ARTIFACT
analysis/R3A_post_visual_QA_publication_figure_freeze/OX_G2A_R3A_final_visual_QA_adjudication.tsv	CC-BY-NC-3.0	SOURCE_DERIVED_ANALYTICAL_ARTIFACT
analysis/R3A_post_visual_QA_publication_figure_freeze/OX_G2A_R3A_post_visual_QA_correction_log.txt	CC-BY-NC-3.0	SOURCE_DERIVED_ANALYTICAL_ARTIFACT
environment/requirements.txt	CC-BY-4.0	ORIGINAL_DOCUMENTATION_METADATA
environment/runtime_versions.txt	CC-BY-4.0	ORIGINAL_DOCUMENTATION_METADATA
figures/pdf/Figure_1_provenance_and_analysis_architecture.pdf	CC-BY-NC-3.0	SOURCE_DERIVED_VISUALIZATION
figures/pdf/Figure_2_primary_longitudinal_topology.pdf	CC-BY-NC-3.0	SOURCE_DERIVED_VISUALIZATION
figures/pdf/Figure_3_rank_network_rewiring.pdf	CC-BY-NC-3.0	SOURCE_DERIVED_VISUALIZATION
figures/pdf/Figure_4_between_block_rank_displacement.pdf	CC-BY-NC-3.0	SOURCE_DERIVED_VISUALIZATION
figures/pdf/Figure_5_control_anchored_multivariate_departure.pdf	CC-BY-NC-3.0	SOURCE_DERIVED_VISUALIZATION
figures/pdf/Figure_6_response_scale_sensitivity.pdf	CC-BY-NC-3.0	SOURCE_DERIVED_VISUALIZATION
figures/png/Figure_1_provenance_and_analysis_architecture.png	CC-BY-NC-3.0	SOURCE_DERIVED_VISUALIZATION
figures/png/Figure_2_primary_longitudinal_topology.png	CC-BY-NC-3.0	SOURCE_DERIVED_VISUALIZATION
figures/png/Figure_3_rank_network_rewiring.png	CC-BY-NC-3.0	SOURCE_DERIVED_VISUALIZATION
figures/png/Figure_4_between_block_rank_displacement.png	CC-BY-NC-3.0	SOURCE_DERIVED_VISUALIZATION
figures/png/Figure_5_control_anchored_multivariate_departure.png	CC-BY-NC-3.0	SOURCE_DERIVED_VISUALIZATION
figures/png/Figure_6_response_scale_sensitivity.png	CC-BY-NC-3.0	SOURCE_DERIVED_VISUALIZATION
metadata/CRediT_author_contributions.tsv	CC-BY-4.0	ORIGINAL_DOCUMENTATION_METADATA
metadata/ORCID_registry.tsv	CC-BY-4.0	ORIGINAL_DOCUMENTATION_METADATA
metadata/affiliations.tsv	CC-BY-4.0	ORIGINAL_DOCUMENTATION_METADATA
metadata/authors.tsv	CC-BY-4.0	ORIGINAL_DOCUMENTATION_METADATA
metadata/corresponding_author.tsv	CC-BY-4.0	ORIGINAL_DOCUMENTATION_METADATA
metadata/declarations.txt	CC-BY-4.0	ORIGINAL_DOCUMENTATION_METADATA
metadata/final_title.txt	CC-BY-4.0	ORIGINAL_DOCUMENTATION_METADATA
provenance/PUBLIC_FILELIST.tsv	CC-BY-4.0	ORIGINAL_DOCUMENTATION_METADATA
provenance/PUBLIC_MANIFEST.sha256	CC-BY-4.0	ORIGINAL_DOCUMENTATION_METADATA
provenance/PUBLIC_RELEASE_AUDIT.txt	CC-BY-4.0	ORIGINAL_DOCUMENTATION_METADATA
provenance/SANITIZATION_RECORD.tsv	CC-BY-4.0	ORIGINAL_DOCUMENTATION_METADATA
provenance/SOURCE_SELECTION.tsv	CC-BY-4.0	ORIGINAL_DOCUMENTATION_METADATA
publication_assets/tiff/Figure_1_provenance_and_analysis_architecture.tiff	CC-BY-NC-3.0	SOURCE_DERIVED_VISUALIZATION
publication_assets/tiff/Figure_2_primary_longitudinal_topology.tiff	CC-BY-NC-3.0	SOURCE_DERIVED_VISUALIZATION
publication_assets/tiff/Figure_3_rank_network_rewiring.tiff	CC-BY-NC-3.0	SOURCE_DERIVED_VISUALIZATION
publication_assets/tiff/Figure_4_between_block_rank_displacement.tiff	CC-BY-NC-3.0	SOURCE_DERIVED_VISUALIZATION
publication_assets/tiff/Figure_5_control_anchored_multivariate_departure.tiff	CC-BY-NC-3.0	SOURCE_DERIVED_VISUALIZATION
publication_assets/tiff/Figure_6_response_scale_sensitivity.tiff	CC-BY-NC-3.0	SOURCE_DERIVED_VISUALIZATION
analysis/R3G11_v1_0_1_layout_update/OX_G2A_R3G11_v1_0_1_final_figure_generator.py	MIT	ORIGINAL_CODE
analysis/R3G11_v1_0_1_layout_update/OX_G2A_R3G11_v1_0_1_final_publication_figure_manifest.tsv	CC-BY-4.0	ORIGINAL_DOCUMENTATION_METADATA
provenance/V1_0_1_LAYOUT_UPDATE.tsv	CC-BY-4.0	ORIGINAL_DOCUMENTATION_METADATA
