field	value
deposit_route	Manual deposit of immutable GitHub v1.0.0 release archive
resource_type	software
version	v1.0.0
access_right	open
title	Calibration-constrained longitudinal oxysterol metabolomics reveals coordinated remodeling of multivariate response architecture in hypercholesterolaemia: reproducibility package
creator_1	Maghembe, Reuben S.
creator_1_orcid	0000-0003-2453-5993
creator_2	Bahati, Samweli
creator_2_orcid	0009-0007-2117-9520
creator_3	Makaranga, Abdalah
creator_3_orcid	0000-0002-2842-9672
creator_4	Damian, Donath
creator_4_orcid	0009-0005-6038-766X
github_repository	https://github.com/rmaghembe1/ox-comorbid-oxysterol-metabolomics
source_dataset_doi	10.17632/6cm8mxm5rm.1
source_article_doi	10.1016/j.redox.2018.02.014
license_1	MIT
license_2	CC-BY-4.0
license_3	CC-BY-NC-3.0
raw_source_workbook_redistributed	NO
github_release_tag	v1.0.0
github_release_status	PENDING
zenodo_doi_status	PENDING
