format	path	bytes	sha256	pixel_width	pixel_height	dpi	compression
TIFF	/mnt/d/OX_COMORBID/01_data/derived/G2A_simvastatin/R2Z_publication_figure_generation/figures/Figure_1_provenance_and_analysis_architecture.tiff	1202016	759e03891d4557825ee62be8f09e6756ca2b2a8933b8de1574aa2bcfcf3e99f1	4251	3496	600	tiff_lzw
SVG	/mnt/d/OX_COMORBID/01_data/derived/G2A_simvastatin/R2Z_publication_figure_generation/figures/Figure_1_provenance_and_analysis_architecture.svg	23745	12b6812c67a1548ffbc49ce139be8c53598373ee6172dabb1dc4af6909de793b				
PDF	/mnt/d/OX_COMORBID/01_data/derived/G2A_simvastatin/R2Z_publication_figure_generation/figures/Figure_1_provenance_and_analysis_architecture.pdf	30582	fe54208cad8acc1ff32a9b397318e27e4d4467c84ef7e78fd3519fd3bd08e317				
PNG_QA	/mnt/d/OX_COMORBID/01_data/derived/G2A_simvastatin/R2Z_publication_figure_generation/figures/Figure_1_provenance_and_analysis_architecture_QA.png	193496	e47ab91c7d8ca68be537022ee38df57b720ceadf829a441fac574c7c572c2c9d	1417	1165	200	
TIFF	/mnt/d/OX_COMORBID/01_data/derived/G2A_simvastatin/R2Z_publication_figure_generation/figures/Figure_2_primary_longitudinal_topology.tiff	2088234	355e2ac219e88ae6ec593f7c683673b893fb3f8ccbe3826901d3b9dfce580bb0	4251	4110	600	tiff_lzw
SVG	/mnt/d/OX_COMORBID/01_data/derived/G2A_simvastatin/R2Z_publication_figure_generation/figures/Figure_2_primary_longitudinal_topology.svg	65624	ffd90c3f73d86d8dd49d288e7ba59b9f6969ee0db37487bd51640ef49b7f5cb7				
PDF	/mnt/d/OX_COMORBID/01_data/derived/G2A_simvastatin/R2Z_publication_figure_generation/figures/Figure_2_primary_longitudinal_topology.pdf	30276	0891c54a0abb623a1d5c798621fad16d4fc3554efcb30d6bc747c8418816db7b				
PNG_QA	/mnt/d/OX_COMORBID/01_data/derived/G2A_simvastatin/R2Z_publication_figure_generation/figures/Figure_2_primary_longitudinal_topology_QA.png	155757	bcb44c9f4599f1182513748c808a4da8866ab6aef84383d02c4ad7dbe280f17c	1417	1370	200	
TIFF	/mnt/d/OX_COMORBID/01_data/derived/G2A_simvastatin/R2Z_publication_figure_generation/figures/Figure_3_rank_network_rewiring.tiff	1985612	b28daaae493859824913fca04fe2380b5384a22ccdf784fa804c80593fa5687c	4251	4157	600	tiff_lzw
SVG	/mnt/d/OX_COMORBID/01_data/derived/G2A_simvastatin/R2Z_publication_figure_generation/figures/Figure_3_rank_network_rewiring.svg	47918	7ae477a15d976b36c659f05894f1628a2c213ebab5fc7dd97dfcce3980beed59				
PDF	/mnt/d/OX_COMORBID/01_data/derived/G2A_simvastatin/R2Z_publication_figure_generation/figures/Figure_3_rank_network_rewiring.pdf	30154	6515bf32f7476b4bbf2dc59b18906a8dd9edb6f3b05f21f49abeef608bcbdb9d				
PNG_QA	/mnt/d/OX_COMORBID/01_data/derived/G2A_simvastatin/R2Z_publication_figure_generation/figures/Figure_3_rank_network_rewiring_QA.png	222735	7d56551083ace65da7b48e5e4e2c9f627017661d81dca457b301bc8d92006778	1417	1385	200	
TIFF	/mnt/d/OX_COMORBID/01_data/derived/G2A_simvastatin/R2Z_publication_figure_generation/figures/Figure_4_between_block_rank_displacement.tiff	1826144	da756f2d085828701bdb783277440a671a14a68174bee5c40dff10f522cf0a41	4251	3637	600	tiff_lzw
SVG	/mnt/d/OX_COMORBID/01_data/derived/G2A_simvastatin/R2Z_publication_figure_generation/figures/Figure_4_between_block_rank_displacement.svg	50111	013a7dfda0eb432a2b2c3a488d1a41588c77f3a68f0843c049caa5697654ad15				
PDF	/mnt/d/OX_COMORBID/01_data/derived/G2A_simvastatin/R2Z_publication_figure_generation/figures/Figure_4_between_block_rank_displacement.pdf	28502	e4edd5f050f20f302ed7e221d6dbe3d3b60148a5223e6e4569aa7cf9bd1461c7				
PNG_QA	/mnt/d/OX_COMORBID/01_data/derived/G2A_simvastatin/R2Z_publication_figure_generation/figures/Figure_4_between_block_rank_displacement_QA.png	108923	263c1419b108ebc6e6f5518d49ec19fd5aaa518da73f8a0262d55e2ffddd395d	1417	1212	200	
TIFF	/mnt/d/OX_COMORBID/01_data/derived/G2A_simvastatin/R2Z_publication_figure_generation/figures/Figure_5_control_anchored_multivariate_departure.tiff	2039800	99860a539197be300065cb1166164a9f3630df9228fa2c65f9f1a5a6c0b4e9bf	4251	4157	600	tiff_lzw
SVG	/mnt/d/OX_COMORBID/01_data/derived/G2A_simvastatin/R2Z_publication_figure_generation/figures/Figure_5_control_anchored_multivariate_departure.svg	57326	1efa32f22f4e163a9df5a52bbc98c585b4ff9b0fd63be8e9a51b81a1ede9c577				
PDF	/mnt/d/OX_COMORBID/01_data/derived/G2A_simvastatin/R2Z_publication_figure_generation/figures/Figure_5_control_anchored_multivariate_departure.pdf	33197	b4ac3fa68cdd909ead6bc5585c6b0a76a61b0355080b05f3a5717c05060e975b				
PNG_QA	/mnt/d/OX_COMORBID/01_data/derived/G2A_simvastatin/R2Z_publication_figure_generation/figures/Figure_5_control_anchored_multivariate_departure_QA.png	186678	b2b29dadc9934f5f4e37fa3777f93d57e09099350883cb139e5b55f32546f05c	1417	1385	200	
TIFF	/mnt/d/OX_COMORBID/01_data/derived/G2A_simvastatin/R2Z_publication_figure_generation/figures/Figure_6_response_scale_sensitivity.tiff	1544834	7275e66b86f7e13534ca33c021a9c828e3b7691dcbc22a4692483a75ac544d2a	4251	4110	600	tiff_lzw
SVG	/mnt/d/OX_COMORBID/01_data/derived/G2A_simvastatin/R2Z_publication_figure_generation/figures/Figure_6_response_scale_sensitivity.svg	46328	69f6dafa95ef428b46f88894c38e33e73e3becfc645af2cf0c9b266e78482417				
PDF	/mnt/d/OX_COMORBID/01_data/derived/G2A_simvastatin/R2Z_publication_figure_generation/figures/Figure_6_response_scale_sensitivity.pdf	26120	ad008dbb19eeb96554c6793e94849605a88b1866ff447049ab47b367d3395363				
PNG_QA	/mnt/d/OX_COMORBID/01_data/derived/G2A_simvastatin/R2Z_publication_figure_generation/figures/Figure_6_response_scale_sensitivity_QA.png	141677	de90b35d76c7afd32cf33ec9374de2b6ebcf5d2337da3c6ac585254a76d84718	1417	1370	200	
