figure	visual_check	status
Figure_1_provenance_and_analysis_architecture	NO_CLIPPED_TEXT	PENDING_MANUAL_REVIEW
Figure_1_provenance_and_analysis_architecture	NO_PANEL_OVERLAP	PENDING_MANUAL_REVIEW
Figure_1_provenance_and_analysis_architecture	LEGENDS_AND_LABELS_READABLE	PENDING_MANUAL_REVIEW
Figure_1_provenance_and_analysis_architecture	ANALYTE_NAMES_CONSISTENT	PENDING_MANUAL_REVIEW
Figure_1_provenance_and_analysis_architecture	PANEL_LABELS_CORRECT	PENDING_MANUAL_REVIEW
Figure_1_provenance_and_analysis_architecture	STATISTICAL_ANNOTATIONS_MATCH_FROZEN_RESULTS	PENDING_MANUAL_REVIEW
Figure_2_primary_longitudinal_topology	NO_CLIPPED_TEXT	PENDING_MANUAL_REVIEW
Figure_2_primary_longitudinal_topology	NO_PANEL_OVERLAP	PENDING_MANUAL_REVIEW
Figure_2_primary_longitudinal_topology	LEGENDS_AND_LABELS_READABLE	PENDING_MANUAL_REVIEW
Figure_2_primary_longitudinal_topology	ANALYTE_NAMES_CONSISTENT	PENDING_MANUAL_REVIEW
Figure_2_primary_longitudinal_topology	PANEL_LABELS_CORRECT	PENDING_MANUAL_REVIEW
Figure_2_primary_longitudinal_topology	STATISTICAL_ANNOTATIONS_MATCH_FROZEN_RESULTS	PENDING_MANUAL_REVIEW
Figure_3_rank_network_rewiring	NO_CLIPPED_TEXT	PENDING_MANUAL_REVIEW
Figure_3_rank_network_rewiring	NO_PANEL_OVERLAP	PENDING_MANUAL_REVIEW
Figure_3_rank_network_rewiring	LEGENDS_AND_LABELS_READABLE	PENDING_MANUAL_REVIEW
Figure_3_rank_network_rewiring	ANALYTE_NAMES_CONSISTENT	PENDING_MANUAL_REVIEW
Figure_3_rank_network_rewiring	PANEL_LABELS_CORRECT	PENDING_MANUAL_REVIEW
Figure_3_rank_network_rewiring	STATISTICAL_ANNOTATIONS_MATCH_FROZEN_RESULTS	PENDING_MANUAL_REVIEW
Figure_4_between_block_rank_displacement	NO_CLIPPED_TEXT	PENDING_MANUAL_REVIEW
Figure_4_between_block_rank_displacement	NO_PANEL_OVERLAP	PENDING_MANUAL_REVIEW
Figure_4_between_block_rank_displacement	LEGENDS_AND_LABELS_READABLE	PENDING_MANUAL_REVIEW
Figure_4_between_block_rank_displacement	ANALYTE_NAMES_CONSISTENT	PENDING_MANUAL_REVIEW
Figure_4_between_block_rank_displacement	PANEL_LABELS_CORRECT	PENDING_MANUAL_REVIEW
Figure_4_between_block_rank_displacement	STATISTICAL_ANNOTATIONS_MATCH_FROZEN_RESULTS	PENDING_MANUAL_REVIEW
Figure_5_control_anchored_multivariate_departure	NO_CLIPPED_TEXT	PENDING_MANUAL_REVIEW
Figure_5_control_anchored_multivariate_departure	NO_PANEL_OVERLAP	PENDING_MANUAL_REVIEW
Figure_5_control_anchored_multivariate_departure	LEGENDS_AND_LABELS_READABLE	PENDING_MANUAL_REVIEW
Figure_5_control_anchored_multivariate_departure	ANALYTE_NAMES_CONSISTENT	PENDING_MANUAL_REVIEW
Figure_5_control_anchored_multivariate_departure	PANEL_LABELS_CORRECT	PENDING_MANUAL_REVIEW
Figure_5_control_anchored_multivariate_departure	STATISTICAL_ANNOTATIONS_MATCH_FROZEN_RESULTS	PENDING_MANUAL_REVIEW
Figure_6_response_scale_sensitivity	NO_CLIPPED_TEXT	PENDING_MANUAL_REVIEW
Figure_6_response_scale_sensitivity	NO_PANEL_OVERLAP	PENDING_MANUAL_REVIEW
Figure_6_response_scale_sensitivity	LEGENDS_AND_LABELS_READABLE	PENDING_MANUAL_REVIEW
Figure_6_response_scale_sensitivity	ANALYTE_NAMES_CONSISTENT	PENDING_MANUAL_REVIEW
Figure_6_response_scale_sensitivity	PANEL_LABELS_CORRECT	PENDING_MANUAL_REVIEW
Figure_6_response_scale_sensitivity	STATISTICAL_ANNOTATIONS_MATCH_FROZEN_RESULTS	PENDING_MANUAL_REVIEW
