figure	format	filename	bytes	sha256	pixel_width	pixel_height	provenance_class	visual_QA_status	scientific_content_status
Figure_1	PNG	Figure_1_provenance_and_analysis_architecture.png	694363	4fcfba12cc388674fae6f827a5e6ae2711429af9bc958641ec192602ef015aa1	4251	3496	AUTHORITATIVE_R2Z_UNCHANGED_SCIENTIFIC_FIGURE	PASS	UNCHANGED
Figure_1	TIFF	Figure_1_provenance_and_analysis_architecture.tiff	1202016	759e03891d4557825ee62be8f09e6756ca2b2a8933b8de1574aa2bcfcf3e99f1	4251	3496	AUTHORITATIVE_R2Z_UNCHANGED_SCIENTIFIC_FIGURE	PASS	UNCHANGED
Figure_1	PDF	Figure_1_provenance_and_analysis_architecture.pdf	30582	fe54208cad8acc1ff32a9b397318e27e4d4467c84ef7e78fd3519fd3bd08e317			AUTHORITATIVE_R2Z_UNCHANGED_SCIENTIFIC_FIGURE	PASS	UNCHANGED
Figure_2	PNG	Figure_2_primary_longitudinal_topology.png	587161	773181b984ef557a4d49554bb27c0aaf0e22daf48fd1188dc420c9af29cfaadf	4251	4110	AUTHORITATIVE_R2Z_UNCHANGED_SCIENTIFIC_FIGURE	PASS	UNCHANGED
Figure_2	TIFF	Figure_2_primary_longitudinal_topology.tiff	2088234	355e2ac219e88ae6ec593f7c683673b893fb3f8ccbe3826901d3b9dfce580bb0	4251	4110	AUTHORITATIVE_R2Z_UNCHANGED_SCIENTIFIC_FIGURE	PASS	UNCHANGED
Figure_2	PDF	Figure_2_primary_longitudinal_topology.pdf	30276	0891c54a0abb623a1d5c798621fad16d4fc3554efcb30d6bc747c8418816db7b			AUTHORITATIVE_R2Z_UNCHANGED_SCIENTIFIC_FIGURE	PASS	UNCHANGED
Figure_3	PNG	Figure_3_rank_network_rewiring.png	784620	b0c0007a0c4996869b0c07a17d75a0beb70f4823f32a0d43b5c835a001ce99e5	4251	4157	AUTHORITATIVE_R2Z_UNCHANGED_SCIENTIFIC_FIGURE	PASS	UNCHANGED
Figure_3	TIFF	Figure_3_rank_network_rewiring.tiff	1985612	b28daaae493859824913fca04fe2380b5384a22ccdf784fa804c80593fa5687c	4251	4157	AUTHORITATIVE_R2Z_UNCHANGED_SCIENTIFIC_FIGURE	PASS	UNCHANGED
Figure_3	PDF	Figure_3_rank_network_rewiring.pdf	30154	6515bf32f7476b4bbf2dc59b18906a8dd9edb6f3b05f21f49abeef608bcbdb9d			AUTHORITATIVE_R2Z_UNCHANGED_SCIENTIFIC_FIGURE	PASS	UNCHANGED
Figure_4	PNG	Figure_4_between_block_rank_displacement.png	397581	ffc675f1a71bd185c154469bcc098f9f44bffa9abd7d28d848c7a3824794ae7d	4251	3637	FROZEN_S2_DATA_DRIVEN_LAYOUT_ONLY_REGENERATION	PASS_AFTER_LAYOUT_ONLY_CORRECTION	UNCHANGED
Figure_4	TIFF	Figure_4_between_block_rank_displacement.tiff	1827630	5a8aaf3adc864f67536da6ae6124c3ca1210676e55ad85b0aaf99f9b9254cfba	4251	3637	FROZEN_S2_DATA_DRIVEN_LAYOUT_ONLY_REGENERATION	PASS_AFTER_LAYOUT_ONLY_CORRECTION	UNCHANGED
Figure_4	PDF	Figure_4_between_block_rank_displacement.pdf	28501	3061872c37cbd225b7dfff17b3f4f676381f494db2fd28ee19f95ffa86c812e6			FROZEN_S2_DATA_DRIVEN_LAYOUT_ONLY_REGENERATION	PASS_AFTER_LAYOUT_ONLY_CORRECTION	UNCHANGED
Figure_5	PNG	Figure_5_control_anchored_multivariate_departure.png	711321	9ce2351fc6a8cbbcc176533eeef62e5ded95cc4809ddc42a54f34c5750a3329e	4251	4157	AUTHORITATIVE_R2Z_UNCHANGED_SCIENTIFIC_FIGURE	PASS	UNCHANGED
Figure_5	TIFF	Figure_5_control_anchored_multivariate_departure.tiff	2039800	99860a539197be300065cb1166164a9f3630df9228fa2c65f9f1a5a6c0b4e9bf	4251	4157	AUTHORITATIVE_R2Z_UNCHANGED_SCIENTIFIC_FIGURE	PASS	UNCHANGED
Figure_5	PDF	Figure_5_control_anchored_multivariate_departure.pdf	33197	b4ac3fa68cdd909ead6bc5585c6b0a76a61b0355080b05f3a5717c05060e975b			AUTHORITATIVE_R2Z_UNCHANGED_SCIENTIFIC_FIGURE	PASS	UNCHANGED
Figure_6	PNG	Figure_6_response_scale_sensitivity.png	509367	f838e36b28ed6ffd3a2d10f0b70b07d51fe6ccf1e3c1ad01cbcb7670348a947c	4251	4110	AUTHORITATIVE_R2Z_UNCHANGED_SCIENTIFIC_FIGURE	PASS	UNCHANGED
Figure_6	TIFF	Figure_6_response_scale_sensitivity.tiff	1544834	7275e66b86f7e13534ca33c021a9c828e3b7691dcbc22a4692483a75ac544d2a	4251	4110	AUTHORITATIVE_R2Z_UNCHANGED_SCIENTIFIC_FIGURE	PASS	UNCHANGED
Figure_6	PDF	Figure_6_response_scale_sensitivity.pdf	26120	ad008dbb19eeb96554c6793e94849605a88b1866ff447049ab47b367d3395363			AUTHORITATIVE_R2Z_UNCHANGED_SCIENTIFIC_FIGURE	PASS	UNCHANGED
