analyte	contents_offset	prism_column_label	stored_equation	stored_slope	stored_y_intercept	raw_serialized_string
24	628132	A	Y = 39856*X - 411710182	39856	-411710182	 67730.10332.509e-00535777 to 43935-20690 to 12456-0.3332 to 0.49210.989615607571.71, 6<0.0001SignificantY = 39856*X - 411710182
24	628289	UNRESOLVED	Y = 39856*X - 411710182	39856	-411710182	 67730.10332.509e-00535777 to 43935-20690 to 12456-0.3332 to 0.49210.989615607571.71, 6<0.0001SignificantY = 39856*X - 411710182Column A
25	639678	A	Y = 45592*X + 48.089181	45592	48.089181	 6438-0.0010542.193e-00541708 to 49477-15705 to 15801-0.3651 to 0.32940.992815016824.91, 6<0.0001SignificantY = 45592*X + 48.089181
25	639838	UNRESOLVED	Y = 45592*X + 48.089181	45592	48.089181	 6438-0.0010542.193e-00541708 to 49477-15705 to 15801-0.3651 to 0.32940.992815016824.91, 6<0.0001SignificantY = 45592*X + 48.089181Column A
27	651231	A	Y = 105536*X - 299410182	105536	-299410182	 177660.028379.475e-00694837 to 116235-46465 to 40477-0.4089 to 0.41730.989840936582.61, 6<0.0001SignificantY = 105536*X - 299410182
27	651393	UNRESOLVED	Y = 105536*X - 299410182	105536	-299410182	 177660.028379.475e-00694837 to 116235-46465 to 40477-0.4089 to 0.41730.989840936582.61, 6<0.0001SignificantY = 105536*X - 299410182Column A
7beta	662791	A	Y = 36906*X + 684410182	36906	684410182	 4624-0.18542.71e-00534122 to 39691-4470 to 18158-0.5161 to 0.11610.99431065410521, 6<0.0001SignificantY = 36906*X + 684410182
7beta	662945	UNRESOLVED	Y = 36906*X + 684410182	36906	684410182	 4624-0.18542.71e-00534122 to 39691-4470 to 18158-0.5161 to 0.11610.99431065410521, 6<0.0001SignificantY = 36906*X + 684410182Column A
7keto	674341	A	Y = 18147*X + 134010191	18147	134010191	 1806-0.073835.511e-00517033 to 19261-2930 to 5609-0.3206 to 0.15630.9953451014831, 7<0.0001SignificantY = 18147*X + 134010191
7keto	674496	UNRESOLVED	Y = 18147*X + 134010191	18147	134010191	 1806-0.073835.511e-00517033 to 19261-2930 to 5609-0.3206 to 0.15630.9953451014831, 7<0.0001SignificantY = 18147*X + 134010191Column A
