contents_offset	encoding	text
715254	UTF16LE	24OHC-d7 (ng)
715922	UTF16LE	24OHC-d7 (ng)
731736	ASCII	24OHC-d7 (ng)-
777849	UTF16LE	25OHC-d7 (ng)
778517	UTF16LE	25OHC-d7 (ng)
794331	ASCII	25OHC-d7 (ng)-
844548	UTF16LE	27OHC-d6 (ng)
845216	UTF16LE	27OHC-d6 (ng)
861030	ASCII	27OHC-d6 (ng)-
904107	UTF16LE	7betaOHC-d7 (ng)
904803	UTF16LE	7betaOHC-d7 (ng)8
920639	ASCII	7betaOHC-d7 (ng)-
964667	UTF16LE	7keto C-d7 (ng)
965355	UTF16LE	7keto C-d7 (ng)
981187	ASCII	7keto C-d7 (ng)-
1008622	UTF16LE	24OHC-d7 (ng)
1037602	UTF16LE	24OHC-d7 (ng)
1058690	UTF16LE	25OHC-d7 (ng)
1087630	UTF16LE	25OHC-d7 (ng)
1110566	UTF16LE	27OHC-d6 (ng)
1142650	UTF16LE	27OHC-d6 (ng)
1162422	UTF16LE	7betaOHC-d7 (ng)
1188782	UTF16LE	7betaOHC-d7 (ng)8
1208974	UTF16LE	7keto C-d7 (ng)
1235870	UTF16LE	7keto C-d7 (ng)
1276879	UTF16LE	24OHC-d7 (ng)
1277547	UTF16LE	24OHC-d7 (ng)
1318943	UTF16LE	24OHC-d7 (ng)
1319611	UTF16LE	24OHC-d7 (ng)
1326751	ASCII	<</Type/Font/Subtype/TrueType/BaseFont/NPKQKF+Arial,Bold/FirstChar 32/LastChar 117/Encoding/WinAnsiEncoding/FontDescriptor 3 0 R/Widths[277 0 0 0 0 0 0 0 333 333 0 0 277 333 277 0 556 556 556 556 556 556 0 556 0 556 0 0 0 583 0 0 0 722 0 722 0 0 0 0 722 0 0 0 0 0 0 777 666 0 722 0 0 0 0 0 0 0 0 0 0 0 0 0 0 556 0 556 610 556 0 610 0 0 0 556 0 0 610 610 0 0 389 556 333 610]>>
1327143	ASCII	<</Type/FontDescriptor/FontName/NPKQKF+Arial,Bold/Flags 262176/FontBBox[-627 -210 2000 905]/FontFamily(Arial)/FontWeight 700/Ascent 905/CapHeight 728/Descent -210/MissingWidth 750/StemV 0/ItalicAngle 0/XHeight 509/FontFile2 4 0 R>>
1341311	ASCII	<</Filter/FlateDecode/Length 224>>stream
1341604	ASCII	<</Length1 4824/Filter/FlateDecode/Length 3264>>stream
1357271	ASCII	24OHC-d7 (ng)
1393459	UTF16LE	25OHC-d7 (ng)
1394127	UTF16LE	25OHC-d7 (ng)
1435539	UTF16LE	25OHC-d7 (ng)
1436207	UTF16LE	25OHC-d7 (ng)
1443346	ASCII	<</Type/Font/Subtype/TrueType/BaseFont/NPKQKF+Arial,Bold/FirstChar 32/LastChar 117/Encoding/WinAnsiEncoding/FontDescriptor 3 0 R/Widths[277 0 0 0 0 0 0 0 333 333 0 0 277 333 277 0 556 556 556 556 556 556 0 556 0 556 0 0 0 583 0 0 0 0 722 722 0 0 0 0 722 0 0 0 0 0 0 777 666 0 722 0 0 0 0 0 0 0 0 0 0 0 0 0 0 556 0 556 610 556 0 610 0 0 0 556 0 0 610 610 0 0 389 556 333 610]>>
1443738	ASCII	<</Type/FontDescriptor/FontName/NPKQKF+Arial,Bold/Flags 262176/FontBBox[-627 -210 2000 905]/FontFamily(Arial)/FontWeight 700/Ascent 905/CapHeight 728/Descent -210/MissingWidth 750/StemV 0/ItalicAngle 0/XHeight 509/FontFile2 4 0 R>>
1457883	ASCII	<</Filter/FlateDecode/Length 224>>stream
1458176	ASCII	<</Length1 4824/Filter/FlateDecode/Length 3264>>stream
1473899	ASCII	25OHC-d7 (ng)
1514191	UTF16LE	27OHC-d6 (ng)
1514859	UTF16LE	27OHC-d6 (ng)f8
1560375	UTF16LE	27OHC-d6 (ng)
1561043	UTF16LE	27OHC-d6 (ng)f8
1568183	ASCII	<</Type/Font/Subtype/TrueType/BaseFont/NPKQKF+Arial,Bold/FirstChar 32/LastChar 117/Encoding/WinAnsiEncoding/FontDescriptor 3 0 R/Widths[277 0 0 0 0 0 0 0 333 333 0 0 277 333 277 0 556 556 556 0 556 556 556 556 556 556 0 0 0 583 0 0 0 0 0 722 0 0 0 0 722 0 0 0 0 0 0 777 666 0 722 0 0 0 0 0 0 0 0 0 0 0 0 0 0 556 0 556 610 556 0 610 0 0 0 556 0 0 610 610 0 0 389 556 333 610]>>
1568575	ASCII	<</Type/FontDescriptor/FontName/NPKQKF+Arial,Bold/Flags 262176/FontBBox[-627 -210 2000 905]/FontFamily(Arial)/FontWeight 700/Ascent 905/CapHeight 728/Descent -210/MissingWidth 750/StemV 0/ItalicAngle 0/XHeight 509/FontFile2 4 0 R>>
1582731	ASCII	<</Filter/FlateDecode/Length 224>>stream
1583024	ASCII	<</Length1 4824/Filter/FlateDecode/Length 3264>>stream
1599536	ASCII	27OHC-d6 (ng)
1632688	UTF16LE	7betaOHC-d7 (ng)
1633384	UTF16LE	7betaOHC-d7 (ng)8
1671776	UTF16LE	7betaOHC-d7 (ng)
1672472	UTF16LE	7betaOHC-d7 (ng)8
1679628	ASCII	<</Type/Font/Subtype/TrueType/BaseFont/QNGLAH+Arial,Bold/FirstChar 32/LastChar 117/Encoding/WinAnsiEncoding/FontDescriptor 3 0 R/Widths[277 0 0 0 0 0 0 0 333 333 0 0 277 333 277 0 556 556 556 556 556 556 0 556 0 556 0 0 0 583 0 0 0 0 0 722 722 0 0 0 722 0 0 0 0 0 0 777 666 0 722 0 0 0 0 0 0 0 0 0 0 0 0 0 0 556 610 556 610 556 0 610 0 0 0 556 0 0 610 610 0 0 389 556 333 610]>>
1680022	ASCII	<</Type/FontDescriptor/FontName/QNGLAH+Arial,Bold/Flags 262176/FontBBox[-627 -210 2000 905]/FontFamily(Arial)/FontWeight 700/Ascent 905/CapHeight 728/Descent -210/MissingWidth 750/StemV 0/ItalicAngle 0/XHeight 509/FontFile2 4 0 R>>
1680269	ASCII	<</Length1 18424/Filter/FlateDecode/Length 13218>>stream
1694253	ASCII	<</Filter/FlateDecode/Length 224>>stream
1694546	ASCII	<</Length1 4824/Filter/FlateDecode/Length 3264>>stream
1709871	ASCII	7betaOHC-d7 (ng)8
1743979	UTF16LE	7keto C-d7 (ng)
1744667	UTF16LE	7keto C-d7 (ng)
1784003	UTF16LE	7keto C-d7 (ng)
1784691	UTF16LE	7keto C-d7 (ng)
1791843	ASCII	<</Type/Font/Subtype/TrueType/BaseFont/QNGLAH+Arial,Bold/FirstChar 32/LastChar 117/Encoding/WinAnsiEncoding/FontDescriptor 3 0 R/Widths[277 0 0 0 0 0 0 0 333 333 0 0 277 333 277 0 556 556 556 0 556 556 0 556 0 556 0 0 0 583 0 0 0 0 0 722 0 666 0 0 0 0 0 0 0 0 0 0 666 0 722 0 0 0 0 0 0 0 0 0 0 0 0 0 0 556 0 556 610 556 0 610 0 0 0 556 0 0 610 610 0 0 389 556 333 610]>>
1792229	ASCII	<</Type/FontDescriptor/FontName/QNGLAH+Arial,Bold/Flags 262176/FontBBox[-627 -210 2000 905]/FontFamily(Arial)/FontWeight 700/Ascent 905/CapHeight 728/Descent -210/MissingWidth 750/StemV 0/ItalicAngle 0/XHeight 509/FontFile2 4 0 R>>
1805612	ASCII	<</Filter/FlateDecode/Length 224>>stream
1805905	ASCII	<</Length1 4824/Filter/FlateDecode/Length 3264>>stream
1821735	ASCII	7keto C-d7 (ng)
