analyte	source_block	median_B_over_A	mean_B_over_A
24S_OHC	ID_01_10	0.3976507945049833	0.5404834676700235
24S_OHC	ID_11_20	0.8746955524541125	0.9751564297288906
25_OHC	ID_01_10	0.19422709447415332	0.27571744819391675
25_OHC	ID_11_20	1.0971565328393909	1.280831035733557
27_OHC	ID_01_10	0.6032355593809606	0.6002771922996974
27_OHC	ID_11_20	0.9784674369658289	0.9885076487142048
7B_OHC	ID_01_10	0.04197503652455244	0.05149752785674466
7B_OHC	ID_11_20	0.7428150050674547	2.732077078008867
7_KC	ID_01_10	0.042723052263754294	0.04927617590950861
7_KC	ID_11_20	0.6712891450638089	2.229944099399665
