analyte_1	analyte_2	rho_A	rho_B	delta_rho_B_minus_A	abs_delta_rho	inferential_status
24S_OHC	25_OHC	0.19999999999999998	0.53939393939393931	0.33939393939393936	0.33939393939393936	DESCRIPTIVE_COMPONENT_ONLY_NO_EDGE_P_VALUE_IN_R2O
24S_OHC	27_OHC	0.23636363636363633	0.69696969696969691	0.46060606060606057	0.46060606060606057	DESCRIPTIVE_COMPONENT_ONLY_NO_EDGE_P_VALUE_IN_R2O
24S_OHC	7B_OHC	0.46666666666666662	0.15151515151515149	-0.31515151515151513	0.31515151515151513	DESCRIPTIVE_COMPONENT_ONLY_NO_EDGE_P_VALUE_IN_R2O
24S_OHC	7_KC	0.29696969696969694	0.12727272727272726	-0.16969696969696968	0.16969696969696968	DESCRIPTIVE_COMPONENT_ONLY_NO_EDGE_P_VALUE_IN_R2O
25_OHC	27_OHC	0.40606060606060601	0.73333333333333317	0.32727272727272716	0.32727272727272716	DESCRIPTIVE_COMPONENT_ONLY_NO_EDGE_P_VALUE_IN_R2O
25_OHC	7B_OHC	0.58787878787878778	0.57575757575757569	-0.012121212121212088	0.012121212121212088	DESCRIPTIVE_COMPONENT_ONLY_NO_EDGE_P_VALUE_IN_R2O
25_OHC	7_KC	0.46666666666666662	0.59999999999999998	0.13333333333333336	0.13333333333333336	DESCRIPTIVE_COMPONENT_ONLY_NO_EDGE_P_VALUE_IN_R2O
27_OHC	7B_OHC	0.078787878787878782	0.57575757575757569	0.49696969696969689	0.49696969696969689	DESCRIPTIVE_COMPONENT_ONLY_NO_EDGE_P_VALUE_IN_R2O
27_OHC	7_KC	0.18787878787878787	0.62424242424242415	0.43636363636363629	0.43636363636363629	DESCRIPTIVE_COMPONENT_ONLY_NO_EDGE_P_VALUE_IN_R2O
7B_OHC	7_KC	0.73333333333333317	0.95151515151515142	0.21818181818181825	0.21818181818181825	DESCRIPTIVE_COMPONENT_ONLY_NO_EDGE_P_VALUE_IN_R2O
