mask	swap_count	P1_statistic	P2_statistic	P3_statistic
0	0	2	1.0322263687778797	3.3460000290541645
1	1	1.8867962264113209	0.96498856909067343	3.2096149684915094
2	1	1.5620499351813311	0.67813821724602974	2.8352100930016806
3	2	1.4422205101855956	0.6517335786070334	2.690283219425782
4	1	1.5620499351813311	0.92463479003847493	2.831887602044914
5	2	1.4422205101855956	0.89876969269898777	2.6964149731792761
6	2	1.131370849898476	0.62936993870289315	2.3287095812927014
7	3	1	0.62279915532921837	2.1834033316602772
8	1	1.5620499351813311	0.77224583933073809	2.7477097380024667
9	2	1.4422205101855956	0.69978351630841484	2.6240678722200084
10	2	1.131370849898476	0.55134862620820169	2.2214646254948613
11	3	1	0.50123813643964443	2.0890246417311
12	2	1.131370849898476	0.6502665978667469	2.2315495410136617
13	3	1	0.58747252441467313	2.1120584776793838
14	3	0.72111025509279791	0.50634178361710114	1.7103831378876269
15	4	0.56568542494923812	0.48832089887233177	1.5810387772728625
16	1	1.5620499351813311	0.78750573918937139	2.3802949762977166
17	2	1.4422205101855956	0.64208109760722543	2.221965663295566
18	2	1.131370849898476	0.5544046848983889	1.9048740800929267
19	3	1	0.48967296670846444	1.7300774472309912
20	2	1.131370849898476	0.67226301206603845	1.8708819194429605
21	3	1	0.58834720482480463	1.7078292234911403
22	3	0.72111025509279791	0.55466963338897213	1.4225122458808241
23	4	0.56568542494923812	0.52849040864464569	1.2382722105917388
24	2	1.131370849898476	0.62468357462909696	1.7952792199270864
25	3	1	0.46835585663907037	1.6505350812229773
26	3	0.72111025509279791	0.5243037273668405	1.3145587721007552
27	4	0.56568542494923812	0.45820747082268615	1.1500429643643091
28	3	0.72111025509279791	0.54004047054413262	1.2897502910687433
29	4	0.56568542494923812	0.41229942670775632	1.144486197205129
30	4	0.40000000000000002	0.54302489174793001	0.85386998277111681
31	5	0.20000000000000001	0.53305778005566107	0.68467676131862876
32	1	1.5620499351813311	0.79178518759030803	2.0761022924949835
33	2	1.4422205101855956	0.54733681963033376	1.9353454028422996
34	2	1.131370849898476	0.47505255617613157	1.6197707337696325
35	3	1	0.33217429347987204	1.4670766193718658
36	2	1.131370849898476	0.67368209607710305	1.5822676508440421
37	3	1	0.50123813643964432	1.4436364790842735
38	3	0.72111025509279791	0.4880199306472095	1.173724101457329
39	4	0.56568542494923812	0.41122898069545144	1.025397049395111
40	2	1.131370849898476	0.692714281805069	1.4592662062519075
41	3	1	0.48786937690904492	1.3396754466206009
42	3	0.72111025509279791	0.56269063701503785	0.99257773638432578
43	4	0.56568542494923812	0.46315086483740125	0.86242592845193033
44	3	0.72111025509279791	0.60896274846450749	0.96377456088698576
45	4	0.56568542494923812	0.43518358960039366	0.8598186501917664
46	4	0.40000000000000002	0.59083915670079701	0.58754995756148487
47	5	0.20000000000000001	0.54800749359793022	0.49893600528150056
48	2	1.131370849898476	0.80558199506973371	1.1474051427787468
49	3	1	0.51568599724079145	0.9577655476248299
50	3	0.72111025509279791	0.60082587788575637	0.86604623002608916
51	4	0.56568542494923812	0.46425983035649832	0.66641416012525256
52	3	0.72111025509279791	0.72047326553762792	0.7214101037585462
53	4	0.56568542494923812	0.51725062529337851	0.5161037548616626
54	4	0.40000000000000002	0.65026659786674701	0.71730808934014134
55	5	0.20000000000000001	0.57406449630131462	0.5947746806491222
56	3	0.72111025509279791	0.75073273053100698	0.58208795461834617
57	4	0.56568542494923812	0.53484633873721721	0.41172079328486355
58	4	0.40000000000000002	0.69588848942580961	0.5609100629890359
59	5	0.20000000000000001	0.6211455988033433	0.48847026644902553
60	4	0.40000000000000002	0.71566494153335825	0.38568603363492399
61	5	0.20000000000000001	0.55678468256270797	0.35298102879305604
62	5	0.44721359549995798	0.74926348899518014	0.82773683906917972
63	6	0.40000000000000002	0.72787853556375404	0.86849619609418649
64	1	1.5620499351813311	1.0534302706728529	2.9083233717446997
65	2	1.4422205101855956	0.94062480456175557	2.7614344244451074
66	2	1.131370849898476	0.72565476591979461	2.4001061870760667
67	3	1	0.63286193853122963	2.24075443385613
68	2	1.131370849898476	0.912639538622112	2.3936809481909118
69	3	1	0.86876203574251243	2.2454482833148441
70	3	0.72111025509279791	0.62785070722278147	1.895382336811521
71	4	0.56568542494923812	0.58030105229507023	1.7315020045433418
72	2	1.131370849898476	0.74454243286963462	2.3208634837858337
73	3	1	0.6574570483549389	2.1871200009176248
74	3	0.72111025509279791	0.5472025861961558	1.7974616507614791
75	4	0.56568542494923812	0.46092492949894659	1.6496213055524735
76	3	0.72111025509279791	0.61794410164998226	1.8066002078394847
77	4	0.56568542494923812	0.54437603813056035	1.6751254175268435
78	4	0.40000000000000002	0.46394325355162758	1.29184605619785
79	5	0.20000000000000001	0.39463807505696258	1.1421044453655809
80	2	1.131370849898476	0.85185477967583501	1.9854614811156153
81	3	1	0.69999344087180182	1.8095987737644799
82	3	0.72111025509279791	0.58571924501088812	1.5376160695673564
83	4	0.56568542494923812	0.4713265962478444	1.3379645302245247
84	3	0.72111025509279791	0.69048365423641755	1.491289618489547
85	4	0.56568542494923812	0.61782520908483196	1.3044881834137909
86	4	0.40000000000000002	0.51053187124006516	1.0985223971195375
87	5	0.20000000000000001	0.45126085985421305	0.88192495664644788
88	3	0.72111025509279791	0.63760340993151077	1.4398439020111222
89	4	0.56568542494923812	0.49191815485340662	1.278926203243989
90	4	0.40000000000000002	0.4981508506190187	1.0186523192629944
91	5	0.20000000000000001	0.38976812583790382	0.83273633069322617
92	4	0.40000000000000002	0.52598239887871845	0.98034241409773304
93	5	0.20000000000000001	0.39426559920704474	0.81775747352125061
94	5	0.44721359549995798	0.45836776730155249	0.69726191680087946
95	6	0.40000000000000002	0.38901349177893846	0.53584110981968758
96	2	1.131370849898476	0.86656070553770292	1.6430582904061353
97	3	1	0.65835033280001309	1.4819800401530274
98	3	0.72111025509279791	0.5555959581268286	1.2134915921926475
99	4	0.56568542494923812	0.39070936875845325	1.0307674887155462
100	3	0.72111025509279791	0.70865047186634966	1.1578010133815684
101	4	0.56568542494923812	0.57801789176079332	0.99110127926586822
102	4	0.40000000000000002	0.49991734854063702	0.82099045767773937
103	5	0.20000000000000001	0.39538197406788095	0.63960876206007988
104	3	0.72111025509279791	0.69218383201305367	1.0453552235145624
105	4	0.56568542494923812	0.52135304648743197	0.90515367713896611
106	4	0.40000000000000002	0.55506681899904531	0.63873706872421698
107	5	0.20000000000000001	0.43008957573842854	0.47730090781653228
108	4	0.40000000000000002	0.58383488866871736	0.58280660406665452
109	5	0.20000000000000001	0.4216370213557839	0.45973192089318038
110	5	0.44721359549995798	0.5384056318669771	0.46420026253496738
111	6	0.40000000000000002	0.44005175419809317	0.42481438630657303
112	3	0.72111025509279791	0.82442065809124609	0.84829408641354909
113	4	0.56568542494923812	0.5918329995507251	0.61777207279538815
114	4	0.40000000000000002	0.59220526062090217	0.78266542372057635
115	5	0.20000000000000001	0.43871420777827541	0.60654770636817357
116	4	0.40000000000000002	0.68600063984635262	0.60908889670101096
117	5	0.20000000000000001	0.53057136068458899	0.42211731355345328
118	5	0.44721359549995798	0.58546834791434266	0.90804869852258963
119	6	0.40000000000000002	0.48982296608913328	0.85149378091491001
120	4	0.40000000000000002	0.7365070318042819	0.56192574966074615
121	5	0.20000000000000001	0.55493445538228348	0.45575362552905463
122	5	0.44721359549995798	0.67084092615862856	0.86661355722064048
123	6	0.40000000000000002	0.57419245005221864	0.8580590622683083
124	5	0.44721359549995798	0.66666666666666674	0.75708673787850667
125	6	0.40000000000000002	0.50851338093098242	0.78120766327399915
126	6	0.80000000000000004	0.68728448496168892	1.2526131423783411
127	7	0.82462112512353225	0.62031716760843558	1.303625807767135
128	1	1.7088007490635064	0.92542894529097641	2.6384041104757969
129	2	1.6492422502470641	0.98473192783466179	2.5271243678904658
130	2	1.2649110640673518	0.65150810426068784	2.1120035943704258
131	3	1.216552506059644	0.78000729906405675	1.9947521101567669
132	2	1.2649110640673518	0.85512552845853418	2.1403951625887321
133	3	1.216552506059644	0.93207313585282148	2.0375541804032764
134	3	0.82462112512353225	0.62773369096843867	1.625200058716423
135	4	0.80000000000000004	0.76286637466955454	1.5181917845346675
136	2	1.2649110640673518	0.62079069223281824	2.0567727930725801
137	3	1.216552506059644	0.6647907491297983	1.9711435729299782
138	3	0.82462112512353225	0.4348458452036873	1.507313323687185
139	4	0.80000000000000004	0.53922367077661149	1.4214012791170401
140	3	0.82462112512353225	0.51781840880712315	1.5673107151042882
141	4	0.80000000000000004	0.57661817659472947	1.5022349369841295
142	4	0.40000000000000002	0.40782069918207819	1.0289523105968736
143	5	0.44721359549995798	0.56555554653518569	0.97585104571789594
144	2	1.2649110640673518	0.56711212437767666	1.6084069059061774
145	3	1.216552506059644	0.61508433727831624	1.4756589303490708
146	3	0.82462112512353225	0.34283965148438655	1.0983609230204332
147	4	0.80000000000000004	0.50605153321571172	0.94355111080515897
148	3	0.82462112512353225	0.47920963395807992	1.1034544680001752
149	4	0.80000000000000004	0.57111364797041198	0.9764028534049084
150	4	0.40000000000000002	0.35567032123930209	0.63058429377979808
151	5	0.44721359549995798	0.5287683420893875	0.47611217006135736
152	3	0.82462112512353225	0.35608317143196067	1.0291460248892903
153	4	0.80000000000000004	0.37261639148943992	0.93789625570586577
154	4	0.40000000000000002	0.25940526738221437	0.46995923629646003
155	5	0.44721359549995798	0.387310189301102	0.36696731112331621
156	4	0.40000000000000002	0.23094010767585013	0.54388774763526704
157	5	0.44721359549995798	0.31421773083189636	0.51134723367281021
158	5	0.20000000000000001	0.27667181116395945	0.13466577747627864
159	6	0.40000000000000002	0.4795161319964239	0.27765529116412013
160	2	1.2649110640673518	0.57303983774898481	1.4335269467921015
161	3	1.216552506059644	0.55704849905823295	1.3452248420449664
162	3	0.82462112512353225	0.25309833960995265	1.0124914141278729
163	4	0.80000000000000004	0.41105030200759191	0.93437931799112017
164	3	0.82462112512353225	0.48636127630882131	1.0220634534392266
165	4	0.80000000000000004	0.51710858200488585	0.9718015933138594
166	4	0.40000000000000002	0.2466301812045551	0.75852086703023303
167	5	0.44721359549995798	0.42458860334877557	0.75394563289577099
168	3	0.82462112512353225	0.38234691625666695	0.88837047522409007
169	4	0.80000000000000004	0.33722249074529842	0.87962708683570556
170	4	0.40000000000000002	0.24722518853783201	0.54921549389721391
171	5	0.44721359549995798	0.33106667354539787	0.61601529779139819
172	4	0.40000000000000002	0.26389746735851205	0.62036251532985098
173	5	0.44721359549995798	0.26222191094283581	0.717318357848864
174	5	0.20000000000000001	0.25135080428276058	0.67667278227653538
175	6	0.40000000000000002	0.41971611377407969	0.82515302101219323
176	3	0.82462112512353225	0.41778637429367482	0.46588183586044418
177	4	0.80000000000000004	0.34198147829493064	0.37025860773599084
178	4	0.40000000000000002	0.16442012080303692	0.55427993945466814
179	5	0.44721359549995798	0.30736296565105375	0.56618661290323469
180	4	0.40000000000000002	0.35977750496135352	0.46602989902680514
181	5	0.44721359549995798	0.35628941713209872	0.53139785833238695
182	5	0.20000000000000001	0.26445362702147185	0.93164643478344811
183	6	0.40000000000000002	0.39501019968000778	1.0131438072796444
184	4	0.40000000000000002	0.34326793353954649	0.39278387503337459
185	5	0.44721359549995798	0.25251717158787462	0.55157598413410258
186	5	0.20000000000000001	0.35004918977439137	0.88699252520340655
187	6	0.40000000000000002	0.41229942670775632	1.0148931526446789
188	5	0.20000000000000001	0.28964371261450961	0.87203813436565958
189	6	0.40000000000000002	0.28375030086593023	1.0274053080506385
190	6	0.56568542494923812	0.39089734537205079	1.3976866320563508
191	7	0.72111025509279791	0.52695915440688867	1.5303380536282767
192	2	1.2649110640673518	1.0135536950480906	2.1896251450857811
193	3	1.216552506059644	0.9932000206361935	2.0690342652894542
194	3	0.82462112512353225	0.72514841266162544	1.6593088940960246
195	4	0.80000000000000004	0.77062697334556773	1.5274311764224227
196	3	0.82462112512353225	0.88965072953903068	1.6917641469070233
197	4	0.80000000000000004	0.90803979637954135	1.5791341643905401
198	4	0.40000000000000002	0.6392143938635253	1.175378451884709
199	5	0.44721359549995798	0.7165881820052098	1.0518596690012059
200	3	0.82462112512353225	0.6814881356058472	1.6240277750059784
201	4	0.80000000000000004	0.69218383201305378	1.5342170873478711
202	4	0.40000000000000002	0.4839385400649	1.0670567674722942
203	5	0.44721359549995798	0.560597870538045	0.97378718406991227
204	4	0.40000000000000002	0.55889172767992756	1.145035903480087
205	5	0.44721359549995798	0.57661817659472936	1.0828745739065044
206	5	0.20000000000000001	0.4056533461983397	0.61061608039472326
207	6	0.40000000000000002	0.5294625374022196	0.57241383449600514
208	3	0.82462112512353225	0.72616076609697722	1.1974469839549076
209	4	0.80000000000000004	0.70449168905310977	1.041987992960919
210	4	0.40000000000000002	0.47396884353980967	0.71607822143292821
211	5	0.44721359549995798	0.54085603678359051	0.50786139352547321
212	4	0.40000000000000002	0.58659653976062354	0.71554924238379847
213	5	0.44721359549995798	0.61568121693092348	0.55589988469459517
214	5	0.20000000000000001	0.41301151605820174	0.38923040023162564
215	6	0.40000000000000002	0.51625550155265099	0.20447431555816059
216	4	0.40000000000000002	0.47505255617613151	0.69276107772621698
217	5	0.44721359549995798	0.46457619143604362	0.60140581230462253
218	5	0.20000000000000001	0.31654702684122671	0.31796674609704051
219	6	0.40000000000000002	0.40818080582988459	0.27598798817340464
220	5	0.20000000000000001	0.33700457635049325	0.40507123226067632
221	6	0.40000000000000002	0.34476273098976706	0.43704463033195251
222	6	0.56568542494923812	0.26721706284907415	0.58810584963672641
223	7	0.72111025509279791	0.42493450043534797	0.68270731196085488
224	3	0.82462112512353225	0.72696963381206547	1.0075180939113928
225	4	0.80000000000000004	0.66135626015533278	0.91158448449631124
226	4	0.40000000000000002	0.39108523163398023	0.66685595418999466
227	5	0.44721359549995798	0.43230435151823038	0.59488310127728272
228	4	0.40000000000000002	0.58822233011156022	0.67245769840662661
229	5	0.44721359549995798	0.5716279332146228	0.6428430480275209
230	5	0.20000000000000001	0.30998089339501622	0.66513484090576869
231	6	0.40000000000000002	0.39426559920704474	0.70480327934026299
232	4	0.40000000000000002	0.48575672507912437	0.56847618198177652
233	5	0.44721359549995798	0.44038550605054416	0.6074290694933121
234	5	0.20000000000000001	0.28375030086593023	0.54319934144261373
235	6	0.40000000000000002	0.34047447042880336	0.6589126704349314
236	5	0.20000000000000001	0.35088763214860919	0.60523150080571597
237	6	0.40000000000000002	0.30205904956065727	0.74650139985661745
238	6	0.56568542494923812	0.23597481616886998	0.9480539916013504
239	7	0.72111025509279791	0.34688698233343479	1.0876860848345324
240	4	0.40000000000000002	0.54814152991975829	0.43676488636809524
241	5	0.44721359549995798	0.46599715846645068	0.41481599766856891
242	5	0.20000000000000001	0.28735199008799273	0.86047006330117837
243	6	0.40000000000000002	0.33503696875358191	0.90278067852953037
244	5	0.20000000000000001	0.43552107207810148	0.79899561868437574
245	6	0.40000000000000002	0.4061962686088737	0.87456103850439204
246	6	0.56568542494923812	0.32366133146227133	1.3223615273104514
247	7	0.72111025509279791	0.38407223073345098	1.4029962573132375
248	5	0.20000000000000001	0.41176455155061881	0.83777486195075768
249	6	0.40000000000000002	0.34262530969945615	0.95555575841685958
250	6	0.56568542494923812	0.37261639148943987	1.33933120779489
251	7	0.72111025509279791	0.42076496867175217	1.4485591634556725
252	6	0.56568542494923812	0.32794543656893776	1.3249643412291423
253	7	0.72111025509279791	0.26556245212371693	1.4532394362565313
254	7	1	0.40529099387395118	1.8460966163086063
255	8	1.131370849898476	0.48317894370896358	1.964113680019459
256	1	1.5620499351813311	0.79141398026208121	2.6668417933698252
257	2	1.4422205101855956	0.69957352875190659	2.5420655913565353
258	2	1.131370849898476	0.51511586329395809	2.1541286293930058
259	3	1	0.49400445751066263	2.0207963651977714
260	2	1.131370849898476	0.72676750128103107	2.1534459871416503
261	3	1	0.68073314337449553	2.0328640399364537
262	3	0.72111025509279791	0.5123990639478363	1.6511073456936964
263	4	0.56568542494923812	0.51497323118176963	1.5213998587041595
264	2	1.131370849898476	0.58759755847470652	2.0742378939083164
265	3	1	0.50851338093098264	1.9703873991145617
266	3	0.72111025509279791	0.45044616184392833	1.5404492989433707
267	4	0.56568542494923812	0.41989110486518239	1.4304695671039043
268	3	0.72111025509279791	0.4968218553192531	1.560057903636006
269	4	0.56568542494923812	0.42458860334877574	1.4693190906664304
270	4	0.40000000000000002	0.42889226698070615	1.0319412343480061
271	5	0.20000000000000001	0.43264407994120591	0.9398489859431739
272	2	1.131370849898476	0.61101009266077877	1.7016873838357993
273	3	1	0.4644180378343763	1.5528063161073462
274	3	0.72111025509279791	0.41761050125944754	1.2425803648883751
275	4	0.56568542494923812	0.37575757575757573	1.0736707800690763
276	3	0.72111025509279791	0.53181602347831025	1.1964732371029534
277	4	0.56568542494923812	0.45531248414528364	1.0450693640022073
278	4	0.40000000000000002	0.45256132612350236	0.80025937318123563
279	5	0.20000000000000001	0.45109803796190057	0.62795884464497531
280	3	0.72111025509279791	0.48967296670846422	1.1354242975196074
281	4	0.56568542494923812	0.34348187431041843	1.0171367560973343
282	4	0.40000000000000002	0.46156200641599443	0.69264027263898276
283	5	0.20000000000000001	0.42198533783101122	0.56429147629464438
284	4	0.40000000000000002	0.43501475018003294	0.65652870744169112
285	5	0.20000000000000001	0.32252447747030477	0.56706529988775467
286	5	0.44721359549995798	0.49844570169580826	0.42684072197855127
287	6	0.40000000000000002	0.51053187124006516	0.40745747055609705
288	2	1.131370849898476	0.63691174086883151	1.400264473179837
289	3	1	0.41725853280141834	1.2807193145299591
290	3	0.72111025509279791	0.39889654962192317	0.97965403076890867
291	4	0.56568542494923812	0.29641258813666621	0.85587315969909983
292	3	0.72111025509279791	0.55148185047647624	0.92494543479140934
293	4	0.56568542494923812	0.41514045550408996	0.82473007131871146
294	4	0.40000000000000002	0.43213438715093067	0.64428745824688716
295	5	0.20000000000000001	0.38957960436335021	0.57711128890466379
296	3	0.72111025509279791	0.56853524361496111	0.78499860282271938
297	4	0.56568542494923812	0.38674075475257746	0.72500725262818988
298	4	0.40000000000000002	0.51110711860140645	0.39686324164514564
299	5	0.20000000000000001	0.42769160640914788	0.40026069033820677
300	4	0.40000000000000002	0.51354473125611788	0.34211054123624085
301	5	0.20000000000000001	0.36444354856661593	0.41425426707545809
302	5	0.44721359549995798	0.54558920896615271	0.46788683986732099
303	6	0.40000000000000002	0.51168171925346506	0.60562409794968497
304	3	0.72111025509279791	0.66985463658899869	0.52979736626946361
305	4	0.56568542494923812	0.44155165091119963	0.35440344271552532
306	4	0.40000000000000002	0.52149393367997476	0.63222439390759
307	5	0.20000000000000001	0.43043105223187161	0.58130862103141578
308	4	0.40000000000000002	0.60277899438333871	0.43126847545713842
309	5	0.20000000000000001	0.46140281965270991	0.41959899220696162
310	5	0.44721359549995798	0.57483179158203035	0.93038474795618087
311	6	0.40000000000000002	0.53112490424743386	0.97415710914540377
312	4	0.40000000000000002	0.66157837813310005	0.37309268864562167
313	5	0.20000000000000001	0.49385572818092976	0.46262949256694491
314	5	0.44721359549995798	0.6809489408576066	0.89471603889160689
315	6	0.40000000000000002	0.62491872749819366	0.98419518442882425
316	5	0.44721359549995798	0.64664138998056442	0.80655982818223304
317	6	0.40000000000000002	0.53029437222369358	0.93301710324339726
318	6	0.80000000000000004	0.73630751750242118	1.3683779590182765
319	7	0.82462112512353225	0.72433751119169254	1.4784234423755063
320	2	1.131370849898476	0.85718483433877068	2.2192529032814741
321	3	1	0.71935079393734724	2.0824022096986585
322	3	0.72111025509279791	0.61101009266077866	1.7066848705622497
323	4	0.56568542494923812	0.52402342596890394	1.5547939539925399
324	3	0.72111025509279791	0.72565476591979472	1.7023103031780664
325	4	0.56568542494923812	0.66655646472084928	1.566630188645751
326	4	0.40000000000000002	0.5166822178411421	1.2025601911545361
327	5	0.20000000000000001	0.49415314207610928	1.0468601963732909
328	3	0.72111025509279791	0.60472580282503863	1.6399301827320014
329	4	0.56568542494923812	0.50094492896416543	1.5266295754502439
330	4	0.40000000000000002	0.47767419382395232	1.1042449926993354
331	5	0.20000000000000001	0.40907968559239294	0.97666746543365657
332	4	0.40000000000000002	0.47936290747358024	1.1261355501527488
333	5	0.20000000000000001	0.39052130166271531	1.0269188863572567
334	5	0.44721359549995798	0.38731018930110217	0.59897255642022251
335	6	0.40000000000000002	0.35505014583943784	0.48830802053114108
336	3	0.72111025509279791	0.70177526429721837	1.3124034169282204
337	4	0.56568542494923812	0.53772298212894154	1.1397953439725694
338	4	0.40000000000000002	0.4785960490278699	0.91111664304922868
339	5	0.20000000000000001	0.37984096038769449	0.70721970585458482
340	4	0.40000000000000002	0.54329538984278714	0.84006156588253633
341	5	0.20000000000000001	0.47007804677976522	0.65390243713042939
342	5	0.44721359549995798	0.40655781409087088	0.61158408196261049
343	6	0.40000000000000002	0.38464561582114992	0.43498911463761475
344	4	0.40000000000000002	0.52946253740221927	0.83049441762589571
345	5	0.20000000000000001	0.36845294917747046	0.70453035225874328
346	5	0.44721359549995798	0.44552668968458448	0.58287905020468223
347	6	0.40000000000000002	0.35546371633006496	0.48957686265247047
348	5	0.44721359549995798	0.4242424242424242	0.52825660139310771
349	6	0.40000000000000002	0.28062634915855089	0.4804699177855643
350	6	0.80000000000000004	0.41901541860469355	0.69977345815323433
351	7	0.82462112512353225	0.38273099160841068	0.73128289700243687
352	3	0.72111025509279791	0.70282128554299261	0.94899424090575468
353	4	0.56568542494923812	0.49756062428542525	0.80084619707688498
354	4	0.40000000000000002	0.45337222325491011	0.59919637181868701
355	5	0.20000000000000001	0.30736296565105375	0.43942727706864976
356	4	0.40000000000000002	0.54854344237501862	0.49281434909569011
357	5	0.20000000000000001	0.43433873617379187	0.35886600592734474
358	5	0.44721359549995798	0.39649520566778479	0.5117744149169634
359	6	0.40000000000000002	0.33437852664566597	0.49104720448273265
360	4	0.40000000000000002	0.57598081796444722	0.36047489053642046
361	5	0.20000000000000001	0.39815921710683266	0.31720348512719282
362	5	0.44721359549995798	0.4954892954174473	0.36150320941720865
363	6	0.40000000000000002	0.37103582703064147	0.44119831416224325
364	5	0.44721359549995798	0.48272261216339091	0.27973454132272185
365	6	0.40000000000000002	0.31654702684122649	0.44054691386280709
366	6	0.80000000000000004	0.48817043795399417	0.79974663718038486
367	7	0.82462112512353225	0.40183235040607934	0.92126018643888774
368	4	0.40000000000000002	0.6925021506465795	0.48389999207317363
369	5	0.20000000000000001	0.48696507700850095	0.37461840260552154
370	5	0.44721359549995798	0.51710858200488574	0.90146904264672523
371	6	0.40000000000000002	0.40073394557131015	0.90117792794972973
372	5	0.44721359549995798	0.56020460646261061	0.76613243101694817
373	6	0.40000000000000002	0.44288062803503297	0.79893235792127681
374	6	0.80000000000000004	0.5226196639347902	1.3137910719511408
375	7	0.82462112512353225	0.46835585663907053	1.3677267523695329
376	5	0.44721359549995798	0.66941581922347027	0.81642021851134772
377	6	0.40000000000000002	0.50270160856552049	0.89589790746813625
378	6	0.80000000000000004	0.67640273591775546	1.3369088999252761
379	7	0.82462112512353225	0.58897118124879233	1.4201098449916296
380	6	0.80000000000000004	0.62279915532921826	1.2749019672983128
381	7	0.82462112512353225	0.48681419704298667	1.3808042508147902
382	7	1.216552506059644	0.71247573380293794	1.8184496985308682
383	8	1.2649110640673518	0.65533061774124934	1.9186714509433767
384	2	1.2649110640673518	0.77291144566932646	2.001063625769735
385	3	1.216552506059644	0.79751680725313845	1.9166578263606433
386	3	0.82462112512353225	0.5642551181724792	1.4795822014728384
387	4	0.80000000000000004	0.68040931882114863	1.3970614008042266
388	3	0.82462112512353225	0.72271297870370144	1.5250521659024145
389	4	0.80000000000000004	0.76976854833005715	1.4629627347030583
390	4	0.40000000000000002	0.56763003510148335	1.0350327587186507
391	5	0.44721359549995798	0.69250215064657938	0.989476701978382
392	3	0.82462112512353225	0.52500382612624763	1.4524526795406534
393	4	0.80000000000000004	0.57839904438497702	1.4173396619882563
394	4	0.40000000000000002	0.42041564111574858	0.91478021613097038
395	5	0.44721359549995798	0.55134862620820169	0.91068724197490347
396	4	0.40000000000000002	0.4266597795587404	1.0184206469574455
397	5	0.44721359549995798	0.50923518879030316	1.0399845242717798
398	5	0.20000000000000001	0.4069190383416853	0.57007501087981882
399	6	0.40000000000000002	0.59726957550326876	0.68019717166147808
400	3	0.82462112512353225	0.49667396966176686	0.97142111406643938
401	4	0.80000000000000004	0.53676581395114009	0.88226739312237179
402	4	0.40000000000000002	0.34390935658451183	0.4986059036796206
403	5	0.44721359549995798	0.49504431167665791	0.42028573260117313
404	4	0.40000000000000002	0.44733677787262865	0.52508212817064392
405	5	0.44721359549995798	0.52654076676299322	0.50557124015562138
406	5	0.20000000000000001	0.40073394557130987	0.37584698218145107
407	6	0.40000000000000002	0.5529451989312506	0.46308473230528197
408	4	0.40000000000000002	0.33084470458075593	0.50204862932880523
409	5	0.44721359549995798	0.39333286641425325	0.56276188614117173
410	5	0.20000000000000001	0.34476273098976717	0.31511568276480634
411	6	0.40000000000000002	0.48545416713941303	0.50718979242255802
412	5	0.20000000000000001	0.24181742234254563	0.43604866721563601
413	6	0.40000000000000002	0.37063963276171275	0.63240874432457572
414	6	0.56568542494923812	0.38731018930110206	0.77329448068283357
415	7	0.72111025509279791	0.58897118124879222	0.94925350212851867
416	3	0.82462112512353225	0.46898283932492363	0.91229918387302333
417	4	0.80000000000000004	0.45256132612350231	0.91162516295448315
418	4	0.40000000000000002	0.23721679746401125	0.69853710100282762
419	5	0.44721359549995798	0.38806813560199088	0.76159056982404139
420	4	0.40000000000000002	0.40691903834168541	0.72340671068195328
421	5	0.44721359549995798	0.44552668968458448	0.81684892809595033
422	5	0.20000000000000001	0.27799624099829617	0.85998976505673352
423	6	0.40000000000000002	0.43552107207810137	0.9883333324365956
424	4	0.40000000000000002	0.32592314326663635	0.63460024798630621
425	5	0.44721359549995798	0.33151016560429919	0.79460647728926692
426	5	0.20000000000000001	0.30831751132065222	0.77503416460801289
427	6	0.40000000000000002	0.40583440103716867	0.96054953700810652
428	5	0.20000000000000001	0.23535136774481943	0.83652752280367326
429	6	0.40000000000000002	0.30496353031294854	1.0361537245260686
430	6	0.56568542494923812	0.33852703136409557	1.2076173335680522
431	7	0.72111025509279791	0.50547053241195261	1.3876135436447268
432	4	0.40000000000000002	0.35025898852848214	0.55492612155606846
433	5	0.44721359549995798	0.33040031928337016	0.68711630774108368
434	5	0.20000000000000001	0.25425669046549126	1.0409842893919714
435	6	0.40000000000000002	0.37379742897234614	1.1580714954053815
436	5	0.20000000000000001	0.3339388439746887	1.0047359129018736
437	6	0.40000000000000002	0.37906656414816703	1.1484051289021038
438	6	0.56568542494923812	0.36504776597274174	1.5316005978749847
439	7	0.72111025509279791	0.47675055610417294	1.6578407506621307
440	5	0.20000000000000001	0.34305385934751276	1.0399044993002491
441	6	0.40000000000000002	0.3489983042154659	1.2147010042857274
442	6	0.56568542494923812	0.4805873357963395	1.5490006000721426
443	7	0.72111025509279791	0.55294519893125083	1.6990572382656155
444	6	0.56568542494923812	0.33525616208337783	1.5456344896041472
445	7	0.72111025509279791	0.4042019878917108	1.7112093393378678
446	7	1	0.53922367077661137	2.0658142010290836
447	8	1.131370849898476	0.67084092615862834	2.2136249046502372
448	3	0.82462112512353225	0.94514369404208132	1.5452984559134006
449	4	0.80000000000000004	0.89696969696969686	1.4555178120376497
450	4	0.40000000000000002	0.71525422991185117	1.0160314817765534
451	5	0.44721359549995798	0.75784237732560411	0.92531088451539101
452	4	0.40000000000000002	0.81726098574727635	1.0756245827907269
453	5	0.44721359549995798	0.8153711543681037	1.016222068176867
454	5	0.20000000000000001	0.62831855431245742	0.60161594358614423
455	6	0.40000000000000002	0.7165881820052098	0.57530537113263613
456	4	0.40000000000000002	0.66490124372860471	1.0330442079724305
457	5	0.44721359549995798	0.67911247650091799	1.0137437847431106
458	5	0.20000000000000001	0.50459777688481577	0.50383448742758163
459	6	0.40000000000000002	0.61758735529003639	0.55465376040588066
460	5	0.20000000000000001	0.5200833443133317	0.66500722881803442
461	6	0.40000000000000002	0.56046681317318259	0.74019254609564844
462	6	0.56568542494923812	0.41496346105754406	0.43532093429660823
463	7	0.72111025509279791	0.59898904730210123	0.62325771915256623
464	4	0.40000000000000002	0.71484328231693239	0.58393076894729534
465	5	0.44721359549995798	0.67846312577728618	0.48680089294903911
466	5	0.20000000000000001	0.51067574382887015	0.32463642252479102
467	6	0.40000000000000002	0.57890685751561455	0.30770806133958706
468	5	0.20000000000000001	0.57852603945608361	0.34715969567904498
469	6	0.40000000000000002	0.59825273596378492	0.40208716243121478
470	6	0.56568542494923812	0.4631508648374012	0.66748360621882297
471	7	0.72111025509279791	0.57789078502110136	0.76156685470809071
472	5	0.20000000000000001	0.4733484652064639	0.47248159131459272
473	6	0.40000000000000002	0.48211349821457777	0.59088929822187974
474	6	0.56568542494923812	0.35297502493481309	0.72797576815495313
475	7	0.72111025509279791	0.4884713134450881	0.86553769725751406
476	6	0.56568542494923812	0.32092611623936296	0.78026721000643584
477	7	0.72111025509279791	0.37497474662443669	0.93802051846887657
478	7	1	0.32950975076528938	1.2149599294879869
479	8	1.131370849898476	0.53608107606050848	1.3566461152599514
480	4	0.40000000000000002	0.67661991451892656	0.58548497925089649
481	5	0.44721359549995798	0.60751341023717176	0.63468613668849316
482	5	0.20000000000000001	0.39630988422477126	0.67669914961280908
483	6	0.40000000000000002	0.44864861874719381	0.78182545877830756
484	5	0.20000000000000001	0.5373129759830666	0.69376694934479155
485	6	0.40000000000000002	0.52973996080999164	0.82855336377009381
486	6	0.56568542494923812	0.32950975076528932	1.075659102374938
487	7	0.72111025509279791	0.44021866175357266	1.2064518551789318
488	5	0.20000000000000001	0.46772803349272074	0.69791847706466403
489	6	0.40000000000000002	0.44979334097647206	0.88149609980633237
490	6	0.56568542494923812	0.299862227317648	1.0698203025601287
491	7	0.72111025509279791	0.39963252174144326	1.2360243245367102
492	6	0.56568542494923812	0.33239537456489904	1.1097943382458237
493	7	0.72111025509279791	0.34348187431041827	1.291023978082289
494	7	1	0.28529944959854114	1.5651420378689833
495	8	1.131370849898476	0.44569154692970286	1.7257069609921254
496	5	0.20000000000000001	0.5262616568749674	0.91217889638928495
497	6	0.40000000000000002	0.46662731042230671	1.0283575999311676
498	6	0.56568542494923812	0.35690743913540501	1.437790119235018
499	7	0.72111025509279791	0.41761050125944765	1.5446633675397157
500	6	0.56568542494923812	0.42991873578104733	1.4075205306559233
501	7	0.72111025509279791	0.43568971528754985	1.5335309986992656
502	7	1	0.42006602305850799	1.9434209473324113
503	8	1.131370849898476	0.49947630977058211	2.0593163273317465
504	6	0.56568542494923812	0.40420198789171069	1.4762786228041629
505	7	0.72111025509279791	0.38578982940217071	1.6231940514418315
506	7	1	0.46315086483740125	1.9891869849473018
507	8	1.131370849898476	0.53443412569814797	2.1226211850686871
508	7	1	0.35649554351158169	1.9835512675118792
509	8	1.131370849898476	0.3718269490952234	2.1295516553422678
510	8	1.4422205101855956	0.53963222520126208	2.5045044951334718
511	9	1.5620499351813311	0.64036261536350492	2.6393849408144026
512	1	1.5620499351813311	0.64036261536350492	2.6393849408144026
513	2	1.4422205101855956	0.53963222520126208	2.5045044951334718
514	2	1.131370849898476	0.3718269490952234	2.1295516553422678
515	3	1	0.35649554351158169	1.9835512675118792
516	2	1.131370849898476	0.53443412569814797	2.1226211850686871
517	3	1	0.46315086483740125	1.9891869849473018
518	3	0.72111025509279791	0.38578982940217071	1.6231940514418315
519	4	0.56568542494923812	0.40420198789171069	1.4762786228041629
520	2	1.131370849898476	0.49947630977058211	2.0593163273317465
521	3	1	0.42006602305850799	1.9434209473324113
522	3	0.72111025509279791	0.43568971528754985	1.5335309986992656
523	4	0.56568542494923812	0.42991873578104733	1.4075205306559233
524	3	0.72111025509279791	0.41761050125944765	1.5446633675397157
525	4	0.56568542494923812	0.35690743913540501	1.437790119235018
526	4	0.40000000000000002	0.46662731042230671	1.0283575999311676
527	5	0.20000000000000001	0.5262616568749674	0.91217889638928495
528	2	1.131370849898476	0.44569154692970286	1.7257069609921254
529	3	1	0.28529944959854114	1.5651420378689833
530	3	0.72111025509279791	0.34348187431041827	1.291023978082289
531	4	0.56568542494923812	0.33239537456489904	1.1097943382458237
532	3	0.72111025509279791	0.39963252174144326	1.2360243245367102
533	4	0.56568542494923812	0.299862227317648	1.0698203025601287
534	4	0.40000000000000002	0.44979334097647206	0.88149609980633237
535	5	0.20000000000000001	0.46772803349272074	0.69791847706466403
536	3	0.72111025509279791	0.44021866175357266	1.2064518551789318
537	4	0.56568542494923812	0.32950975076528932	1.075659102374938
538	4	0.40000000000000002	0.52973996080999164	0.82855336377009381
539	5	0.20000000000000001	0.5373129759830666	0.69376694934479155
540	4	0.40000000000000002	0.44864861874719381	0.78182545877830756
541	5	0.20000000000000001	0.39630988422477126	0.67669914961280908
542	5	0.44721359549995798	0.60751341023717176	0.63468613668849316
543	6	0.40000000000000002	0.67661991451892656	0.58548497925089649
544	2	1.131370849898476	0.53608107606050848	1.3566461152599514
545	3	1	0.32950975076528938	1.2149599294879869
546	3	0.72111025509279791	0.37497474662443669	0.93802051846887657
547	4	0.56568542494923812	0.32092611623936296	0.78026721000643584
548	3	0.72111025509279791	0.4884713134450881	0.86553769725751406
549	4	0.56568542494923812	0.35297502493481309	0.72797576815495313
550	4	0.40000000000000002	0.48211349821457777	0.59088929822187974
551	5	0.20000000000000001	0.4733484652064639	0.47248159131459272
552	3	0.72111025509279791	0.57789078502110136	0.76156685470809071
553	4	0.56568542494923812	0.4631508648374012	0.66748360621882297
554	4	0.40000000000000002	0.59825273596378492	0.40208716243121478
555	5	0.20000000000000001	0.57852603945608361	0.34715969567904498
556	4	0.40000000000000002	0.57890685751561455	0.30770806133958706
557	5	0.20000000000000001	0.51067574382887015	0.32463642252479102
558	5	0.44721359549995798	0.67846312577728618	0.48680089294903911
559	6	0.40000000000000002	0.71484328231693239	0.58393076894729534
560	3	0.72111025509279791	0.59898904730210123	0.62325771915256623
561	4	0.56568542494923812	0.41496346105754406	0.43532093429660823
562	4	0.40000000000000002	0.56046681317318259	0.74019254609564844
563	5	0.20000000000000001	0.5200833443133317	0.66500722881803442
564	4	0.40000000000000002	0.61758735529003639	0.55465376040588066
565	5	0.20000000000000001	0.50459777688481577	0.50383448742758163
566	5	0.44721359549995798	0.67911247650091799	1.0137437847431106
567	6	0.40000000000000002	0.66490124372860471	1.0330442079724305
568	4	0.40000000000000002	0.7165881820052098	0.57530537113263613
569	5	0.20000000000000001	0.62831855431245742	0.60161594358614423
570	5	0.44721359549995798	0.8153711543681037	1.016222068176867
571	6	0.40000000000000002	0.81726098574727635	1.0756245827907269
572	5	0.44721359549995798	0.75784237732560411	0.92531088451539101
573	6	0.40000000000000002	0.71525422991185117	1.0160314817765534
574	6	0.80000000000000004	0.89696969696969686	1.4555178120376497
575	7	0.82462112512353225	0.94514369404208132	1.5452984559134006
576	2	1.131370849898476	0.67084092615862834	2.2136249046502372
577	3	1	0.53922367077661137	2.0658142010290836
578	3	0.72111025509279791	0.4042019878917108	1.7112093393378678
579	4	0.56568542494923812	0.33525616208337783	1.5456344896041472
580	3	0.72111025509279791	0.55294519893125083	1.6990572382656155
581	4	0.56568542494923812	0.4805873357963395	1.5490006000721426
582	4	0.40000000000000002	0.3489983042154659	1.2147010042857274
583	5	0.20000000000000001	0.34305385934751276	1.0399044993002491
584	3	0.72111025509279791	0.47675055610417294	1.6578407506621307
585	4	0.56568542494923812	0.36504776597274174	1.5316005978749847
586	4	0.40000000000000002	0.37906656414816703	1.1484051289021038
587	5	0.20000000000000001	0.3339388439746887	1.0047359129018736
588	4	0.40000000000000002	0.37379742897234614	1.1580714954053815
589	5	0.20000000000000001	0.25425669046549126	1.0409842893919714
590	5	0.44721359549995798	0.33040031928337016	0.68711630774108368
591	6	0.40000000000000002	0.35025898852848214	0.55492612155606846
592	3	0.72111025509279791	0.50547053241195261	1.3876135436447268
593	4	0.56568542494923812	0.33852703136409557	1.2076173335680522
594	4	0.40000000000000002	0.30496353031294854	1.0361537245260686
595	5	0.20000000000000001	0.23535136774481943	0.83652752280367326
596	4	0.40000000000000002	0.40583440103716867	0.96054953700810652
597	5	0.20000000000000001	0.30831751132065222	0.77503416460801289
598	5	0.44721359549995798	0.33151016560429919	0.79460647728926692
599	6	0.40000000000000002	0.32592314326663635	0.63460024798630621
600	4	0.40000000000000002	0.43552107207810137	0.9883333324365956
601	5	0.20000000000000001	0.27799624099829617	0.85998976505673352
602	5	0.44721359549995798	0.44552668968458448	0.81684892809595033
603	6	0.40000000000000002	0.40691903834168541	0.72340671068195328
604	5	0.44721359549995798	0.38806813560199088	0.76159056982404139
605	6	0.40000000000000002	0.23721679746401125	0.69853710100282762
606	6	0.80000000000000004	0.45256132612350231	0.91162516295448315
607	7	0.82462112512353225	0.46898283932492363	0.91229918387302333
608	3	0.72111025509279791	0.58897118124879222	0.94925350212851867
609	4	0.56568542494923812	0.38731018930110206	0.77329448068283357
610	4	0.40000000000000002	0.37063963276171275	0.63240874432457572
611	5	0.20000000000000001	0.24181742234254563	0.43604866721563601
612	4	0.40000000000000002	0.48545416713941303	0.50718979242255802
613	5	0.20000000000000001	0.34476273098976717	0.31511568276480634
614	5	0.44721359549995798	0.39333286641425325	0.56276188614117173
615	6	0.40000000000000002	0.33084470458075593	0.50204862932880523
616	4	0.40000000000000002	0.5529451989312506	0.46308473230528197
617	5	0.20000000000000001	0.40073394557130987	0.37584698218145107
618	5	0.44721359549995798	0.52654076676299322	0.50557124015562138
619	6	0.40000000000000002	0.44733677787262865	0.52508212817064392
620	5	0.44721359549995798	0.49504431167665791	0.42028573260117313
621	6	0.40000000000000002	0.34390935658451183	0.4986059036796206
622	6	0.80000000000000004	0.53676581395114009	0.88226739312237179
623	7	0.82462112512353225	0.49667396966176686	0.97142111406643938
624	4	0.40000000000000002	0.59726957550326876	0.68019717166147808
625	5	0.20000000000000001	0.4069190383416853	0.57007501087981882
626	5	0.44721359549995798	0.50923518879030316	1.0399845242717798
627	6	0.40000000000000002	0.4266597795587404	1.0184206469574455
628	5	0.44721359549995798	0.55134862620820169	0.91068724197490347
629	6	0.40000000000000002	0.42041564111574858	0.91478021613097038
630	6	0.80000000000000004	0.57839904438497702	1.4173396619882563
631	7	0.82462112512353225	0.52500382612624763	1.4524526795406534
632	5	0.44721359549995798	0.69250215064657938	0.989476701978382
633	6	0.40000000000000002	0.56763003510148335	1.0350327587186507
634	6	0.80000000000000004	0.76976854833005715	1.4629627347030583
635	7	0.82462112512353225	0.72271297870370144	1.5250521659024145
636	6	0.80000000000000004	0.68040931882114863	1.3970614008042266
637	7	0.82462112512353225	0.5642551181724792	1.4795822014728384
638	7	1.216552506059644	0.79751680725313845	1.9166578263606433
639	8	1.2649110640673518	0.77291144566932646	2.001063625769735
640	2	1.2649110640673518	0.65533061774124934	1.9186714509433767
641	3	1.216552506059644	0.71247573380293794	1.8184496985308682
642	3	0.82462112512353225	0.48681419704298667	1.3808042508147902
643	4	0.80000000000000004	0.62279915532921826	1.2749019672983128
644	3	0.82462112512353225	0.58897118124879233	1.4201098449916296
645	4	0.80000000000000004	0.67640273591775546	1.3369088999252761
646	4	0.40000000000000002	0.50270160856552049	0.89589790746813625
647	5	0.44721359549995798	0.66941581922347027	0.81642021851134772
648	3	0.82462112512353225	0.46835585663907053	1.3677267523695329
649	4	0.80000000000000004	0.5226196639347902	1.3137910719511408
650	4	0.40000000000000002	0.44288062803503297	0.79893235792127681
651	5	0.44721359549995798	0.56020460646261061	0.76613243101694817
652	4	0.40000000000000002	0.40073394557131015	0.90117792794972973
653	5	0.44721359549995798	0.51710858200488574	0.90146904264672523
654	5	0.20000000000000001	0.48696507700850095	0.37461840260552154
655	6	0.40000000000000002	0.6925021506465795	0.48389999207317363
656	3	0.82462112512353225	0.40183235040607934	0.92126018643888774
657	4	0.80000000000000004	0.48817043795399417	0.79974663718038486
658	4	0.40000000000000002	0.31654702684122649	0.44054691386280709
659	5	0.44721359549995798	0.48272261216339091	0.27973454132272185
660	4	0.40000000000000002	0.37103582703064147	0.44119831416224325
661	5	0.44721359549995798	0.4954892954174473	0.36150320941720865
662	5	0.20000000000000001	0.39815921710683266	0.31720348512719282
663	6	0.40000000000000002	0.57598081796444722	0.36047489053642046
664	4	0.40000000000000002	0.33437852664566597	0.49104720448273265
665	5	0.44721359549995798	0.39649520566778479	0.5117744149169634
666	5	0.20000000000000001	0.43433873617379187	0.35886600592734474
667	6	0.40000000000000002	0.54854344237501862	0.49281434909569011
668	5	0.20000000000000001	0.30736296565105375	0.43942727706864976
669	6	0.40000000000000002	0.45337222325491011	0.59919637181868701
670	6	0.56568542494923812	0.49756062428542525	0.80084619707688498
671	7	0.72111025509279791	0.70282128554299261	0.94899424090575468
672	3	0.82462112512353225	0.38273099160841068	0.73128289700243687
673	4	0.80000000000000004	0.41901541860469355	0.69977345815323433
674	4	0.40000000000000002	0.28062634915855089	0.4804699177855643
675	5	0.44721359549995798	0.4242424242424242	0.52825660139310771
676	4	0.40000000000000002	0.35546371633006496	0.48957686265247047
677	5	0.44721359549995798	0.44552668968458448	0.58287905020468223
678	5	0.20000000000000001	0.36845294917747046	0.70453035225874328
679	6	0.40000000000000002	0.52946253740221927	0.83049441762589571
680	4	0.40000000000000002	0.38464561582114992	0.43498911463761475
681	5	0.44721359549995798	0.40655781409087088	0.61158408196261049
682	5	0.20000000000000001	0.47007804677976522	0.65390243713042939
683	6	0.40000000000000002	0.54329538984278714	0.84006156588253633
684	5	0.20000000000000001	0.37984096038769449	0.70721970585458482
685	6	0.40000000000000002	0.4785960490278699	0.91111664304922868
686	6	0.56568542494923812	0.53772298212894154	1.1397953439725694
687	7	0.72111025509279791	0.70177526429721837	1.3124034169282204
688	4	0.40000000000000002	0.35505014583943784	0.48830802053114108
689	5	0.44721359549995798	0.38731018930110217	0.59897255642022251
690	5	0.20000000000000001	0.39052130166271531	1.0269188863572567
691	6	0.40000000000000002	0.47936290747358024	1.1261355501527488
692	5	0.20000000000000001	0.40907968559239294	0.97666746543365657
693	6	0.40000000000000002	0.47767419382395232	1.1042449926993354
694	6	0.56568542494923812	0.50094492896416543	1.5266295754502439
695	7	0.72111025509279791	0.60472580282503863	1.6399301827320014
696	5	0.20000000000000001	0.49415314207610928	1.0468601963732909
697	6	0.40000000000000002	0.5166822178411421	1.2025601911545361
698	6	0.56568542494923812	0.66655646472084928	1.566630188645751
699	7	0.72111025509279791	0.72565476591979472	1.7023103031780664
700	6	0.56568542494923812	0.52402342596890394	1.5547939539925399
701	7	0.72111025509279791	0.61101009266077866	1.7066848705622497
702	7	1	0.71935079393734724	2.0824022096986585
703	8	1.131370849898476	0.85718483433877068	2.2192529032814741
704	3	0.82462112512353225	0.72433751119169254	1.4784234423755063
705	4	0.80000000000000004	0.73630751750242118	1.3683779590182765
706	4	0.40000000000000002	0.53029437222369358	0.93301710324339726
707	5	0.44721359549995798	0.64664138998056442	0.80655982818223304
708	4	0.40000000000000002	0.62491872749819366	0.98419518442882425
709	5	0.44721359549995798	0.6809489408576066	0.89471603889160689
710	5	0.20000000000000001	0.49385572818092976	0.46262949256694491
711	6	0.40000000000000002	0.66157837813310005	0.37309268864562167
712	4	0.40000000000000002	0.53112490424743386	0.97415710914540377
713	5	0.44721359549995798	0.57483179158203035	0.93038474795618087
714	5	0.20000000000000001	0.46140281965270991	0.41959899220696162
715	6	0.40000000000000002	0.60277899438333871	0.43126847545713842
716	5	0.20000000000000001	0.43043105223187161	0.58130862103141578
717	6	0.40000000000000002	0.52149393367997476	0.63222439390759
718	6	0.56568542494923812	0.44155165091119963	0.35440344271552532
719	7	0.72111025509279791	0.66985463658899869	0.52979736626946361
720	4	0.40000000000000002	0.51168171925346506	0.60562409794968497
721	5	0.44721359549995798	0.54558920896615271	0.46788683986732099
722	5	0.20000000000000001	0.36444354856661593	0.41425426707545809
723	6	0.40000000000000002	0.51354473125611788	0.34211054123624085
724	5	0.20000000000000001	0.42769160640914788	0.40026069033820677
725	6	0.40000000000000002	0.51110711860140645	0.39686324164514564
726	6	0.56568542494923812	0.38674075475257746	0.72500725262818988
727	7	0.72111025509279791	0.56853524361496111	0.78499860282271938
728	5	0.20000000000000001	0.38957960436335021	0.57711128890466379
729	6	0.40000000000000002	0.43213438715093067	0.64428745824688716
730	6	0.56568542494923812	0.41514045550408996	0.82473007131871146
731	7	0.72111025509279791	0.55148185047647624	0.92494543479140934
732	6	0.56568542494923812	0.29641258813666621	0.85587315969909983
733	7	0.72111025509279791	0.39889654962192317	0.97965403076890867
734	7	1	0.41725853280141834	1.2807193145299591
735	8	1.131370849898476	0.63691174086883151	1.400264473179837
736	4	0.40000000000000002	0.51053187124006516	0.40745747055609705
737	5	0.44721359549995798	0.49844570169580826	0.42684072197855127
738	5	0.20000000000000001	0.32252447747030477	0.56706529988775467
739	6	0.40000000000000002	0.43501475018003294	0.65652870744169112
740	5	0.20000000000000001	0.42198533783101122	0.56429147629464438
741	6	0.40000000000000002	0.46156200641599443	0.69264027263898276
742	6	0.56568542494923812	0.34348187431041843	1.0171367560973343
743	7	0.72111025509279791	0.48967296670846422	1.1354242975196074
744	5	0.20000000000000001	0.45109803796190057	0.62795884464497531
745	6	0.40000000000000002	0.45256132612350236	0.80025937318123563
746	6	0.56568542494923812	0.45531248414528364	1.0450693640022073
747	7	0.72111025509279791	0.53181602347831025	1.1964732371029534
748	6	0.56568542494923812	0.37575757575757573	1.0736707800690763
749	7	0.72111025509279791	0.41761050125944754	1.2425803648883751
750	7	1	0.4644180378343763	1.5528063161073462
751	8	1.131370849898476	0.61101009266077877	1.7016873838357993
752	5	0.20000000000000001	0.43264407994120591	0.9398489859431739
753	6	0.40000000000000002	0.42889226698070615	1.0319412343480061
754	6	0.56568542494923812	0.42458860334877574	1.4693190906664304
755	7	0.72111025509279791	0.4968218553192531	1.560057903636006
756	6	0.56568542494923812	0.41989110486518239	1.4304695671039043
757	7	0.72111025509279791	0.45044616184392833	1.5404492989433707
758	7	1	0.50851338093098264	1.9703873991145617
759	8	1.131370849898476	0.58759755847470652	2.0742378939083164
760	6	0.56568542494923812	0.51497323118176963	1.5213998587041595
761	7	0.72111025509279791	0.5123990639478363	1.6511073456936964
762	7	1	0.68073314337449553	2.0328640399364537
763	8	1.131370849898476	0.72676750128103107	2.1534459871416503
764	7	1	0.49400445751066263	2.0207963651977714
765	8	1.131370849898476	0.51511586329395809	2.1541286293930058
766	8	1.4422205101855956	0.69957352875190659	2.5420655913565353
767	9	1.5620499351813311	0.79141398026208121	2.6668417933698252
768	2	1.131370849898476	0.48317894370896358	1.964113680019459
769	3	1	0.40529099387395118	1.8460966163086063
770	3	0.72111025509279791	0.26556245212371693	1.4532394362565313
771	4	0.56568542494923812	0.32794543656893776	1.3249643412291423
772	3	0.72111025509279791	0.42076496867175217	1.4485591634556725
773	4	0.56568542494923812	0.37261639148943987	1.33933120779489
774	4	0.40000000000000002	0.34262530969945615	0.95555575841685958
775	5	0.20000000000000001	0.41176455155061881	0.83777486195075768
776	3	0.72111025509279791	0.38407223073345098	1.4029962573132375
777	4	0.56568542494923812	0.32366133146227133	1.3223615273104514
778	4	0.40000000000000002	0.4061962686088737	0.87456103850439204
779	5	0.20000000000000001	0.43552107207810148	0.79899561868437574
780	4	0.40000000000000002	0.33503696875358191	0.90278067852953037
781	5	0.20000000000000001	0.28735199008799273	0.86047006330117837
782	5	0.44721359549995798	0.46599715846645068	0.41481599766856891
783	6	0.40000000000000002	0.54814152991975829	0.43676488636809524
784	3	0.72111025509279791	0.34688698233343479	1.0876860848345324
785	4	0.56568542494923812	0.23597481616886998	0.9480539916013504
786	4	0.40000000000000002	0.30205904956065727	0.74650139985661745
787	5	0.20000000000000001	0.35088763214860919	0.60523150080571597
788	4	0.40000000000000002	0.34047447042880336	0.6589126704349314
789	5	0.20000000000000001	0.28375030086593023	0.54319934144261373
790	5	0.44721359549995798	0.44038550605054416	0.6074290694933121
791	6	0.40000000000000002	0.48575672507912437	0.56847618198177652
792	4	0.40000000000000002	0.39426559920704474	0.70480327934026299
793	5	0.20000000000000001	0.30998089339501622	0.66513484090576869
794	5	0.44721359549995798	0.5716279332146228	0.6428430480275209
795	6	0.40000000000000002	0.58822233011156022	0.67245769840662661
796	5	0.44721359549995798	0.43230435151823038	0.59488310127728272
797	6	0.40000000000000002	0.39108523163398023	0.66685595418999466
798	6	0.80000000000000004	0.66135626015533278	0.91158448449631124
799	7	0.82462112512353225	0.72696963381206547	1.0075180939113928
800	3	0.72111025509279791	0.42493450043534797	0.68270731196085488
801	4	0.56568542494923812	0.26721706284907415	0.58810584963672641
802	4	0.40000000000000002	0.34476273098976706	0.43704463033195251
803	5	0.20000000000000001	0.33700457635049325	0.40507123226067632
804	4	0.40000000000000002	0.40818080582988459	0.27598798817340464
805	5	0.20000000000000001	0.31654702684122671	0.31796674609704051
806	5	0.44721359549995798	0.46457619143604362	0.60140581230462253
807	6	0.40000000000000002	0.47505255617613151	0.69276107772621698
808	4	0.40000000000000002	0.51625550155265099	0.20447431555816059
809	5	0.20000000000000001	0.41301151605820174	0.38923040023162564
810	5	0.44721359549995798	0.61568121693092348	0.55589988469459517
811	6	0.40000000000000002	0.58659653976062354	0.71554924238379847
812	5	0.44721359549995798	0.54085603678359051	0.50786139352547321
813	6	0.40000000000000002	0.47396884353980967	0.71607822143292821
814	6	0.80000000000000004	0.70449168905310977	1.041987992960919
815	7	0.82462112512353225	0.72616076609697722	1.1974469839549076
816	4	0.40000000000000002	0.5294625374022196	0.57241383449600514
817	5	0.20000000000000001	0.4056533461983397	0.61061608039472326
818	5	0.44721359549995798	0.57661817659472936	1.0828745739065044
819	6	0.40000000000000002	0.55889172767992756	1.145035903480087
820	5	0.44721359549995798	0.560597870538045	0.97378718406991227
821	6	0.40000000000000002	0.4839385400649	1.0670567674722942
822	6	0.80000000000000004	0.69218383201305378	1.5342170873478711
823	7	0.82462112512353225	0.6814881356058472	1.6240277750059784
824	5	0.44721359549995798	0.7165881820052098	1.0518596690012059
825	6	0.40000000000000002	0.6392143938635253	1.175378451884709
826	6	0.80000000000000004	0.90803979637954135	1.5791341643905401
827	7	0.82462112512353225	0.88965072953903068	1.6917641469070233
828	6	0.80000000000000004	0.77062697334556773	1.5274311764224227
829	7	0.82462112512353225	0.72514841266162544	1.6593088940960246
830	7	1.216552506059644	0.9932000206361935	2.0690342652894542
831	8	1.2649110640673518	1.0135536950480906	2.1896251450857811
832	3	0.72111025509279791	0.52695915440688867	1.5303380536282767
833	4	0.56568542494923812	0.39089734537205079	1.3976866320563508
834	4	0.40000000000000002	0.28375030086593023	1.0274053080506385
835	5	0.20000000000000001	0.28964371261450961	0.87203813436565958
836	4	0.40000000000000002	0.41229942670775632	1.0148931526446789
837	5	0.20000000000000001	0.35004918977439137	0.88699252520340655
838	5	0.44721359549995798	0.25251717158787462	0.55157598413410258
839	6	0.40000000000000002	0.34326793353954649	0.39278387503337459
840	4	0.40000000000000002	0.39501019968000778	1.0131438072796444
841	5	0.20000000000000001	0.26445362702147185	0.93164643478344811
842	5	0.44721359549995798	0.35628941713209872	0.53139785833238695
843	6	0.40000000000000002	0.35977750496135352	0.46602989902680514
844	5	0.44721359549995798	0.30736296565105375	0.56618661290323469
845	6	0.40000000000000002	0.16442012080303692	0.55427993945466814
846	6	0.80000000000000004	0.34198147829493064	0.37025860773599084
847	7	0.82462112512353225	0.41778637429367482	0.46588183586044418
848	4	0.40000000000000002	0.41971611377407969	0.82515302101219323
849	5	0.20000000000000001	0.25135080428276058	0.67667278227653538
850	5	0.44721359549995798	0.26222191094283581	0.717318357848864
851	6	0.40000000000000002	0.26389746735851205	0.62036251532985098
852	5	0.44721359549995798	0.33106667354539787	0.61601529779139819
853	6	0.40000000000000002	0.24722518853783201	0.54921549389721391
854	6	0.80000000000000004	0.33722249074529842	0.87962708683570556
855	7	0.82462112512353225	0.38234691625666695	0.88837047522409007
856	5	0.44721359549995798	0.42458860334877557	0.75394563289577099
857	6	0.40000000000000002	0.2466301812045551	0.75852086703023303
858	6	0.80000000000000004	0.51710858200488585	0.9718015933138594
859	7	0.82462112512353225	0.48636127630882131	1.0220634534392266
860	6	0.80000000000000004	0.41105030200759191	0.93437931799112017
861	7	0.82462112512353225	0.25309833960995265	1.0124914141278729
862	7	1.216552506059644	0.55704849905823295	1.3452248420449664
863	8	1.2649110640673518	0.57303983774898481	1.4335269467921015
864	4	0.40000000000000002	0.4795161319964239	0.27765529116412013
865	5	0.20000000000000001	0.27667181116395945	0.13466577747627864
866	5	0.44721359549995798	0.31421773083189636	0.51134723367281021
867	6	0.40000000000000002	0.23094010767585013	0.54388774763526704
868	5	0.44721359549995798	0.387310189301102	0.36696731112331621
869	6	0.40000000000000002	0.25940526738221437	0.46995923629646003
870	6	0.80000000000000004	0.37261639148943992	0.93789625570586577
871	7	0.82462112512353225	0.35608317143196067	1.0291460248892903
872	5	0.44721359549995798	0.5287683420893875	0.47611217006135736
873	6	0.40000000000000002	0.35567032123930209	0.63058429377979808
874	6	0.80000000000000004	0.57111364797041198	0.9764028534049084
875	7	0.82462112512353225	0.47920963395807992	1.1034544680001752
876	6	0.80000000000000004	0.50605153321571172	0.94355111080515897
877	7	0.82462112512353225	0.34283965148438655	1.0983609230204332
878	7	1.216552506059644	0.61508433727831624	1.4756589303490708
879	8	1.2649110640673518	0.56711212437767666	1.6084069059061774
880	5	0.44721359549995798	0.56555554653518569	0.97585104571789594
881	6	0.40000000000000002	0.40782069918207819	1.0289523105968736
882	6	0.80000000000000004	0.57661817659472947	1.5022349369841295
883	7	0.82462112512353225	0.51781840880712315	1.5673107151042882
884	6	0.80000000000000004	0.53922367077661149	1.4214012791170401
885	7	0.82462112512353225	0.4348458452036873	1.507313323687185
886	7	1.216552506059644	0.6647907491297983	1.9711435729299782
887	8	1.2649110640673518	0.62079069223281824	2.0567727930725801
888	6	0.80000000000000004	0.76286637466955454	1.5181917845346675
889	7	0.82462112512353225	0.62773369096843867	1.625200058716423
890	7	1.216552506059644	0.93207313585282148	2.0375541804032764
891	8	1.2649110640673518	0.85512552845853418	2.1403951625887321
892	7	1.216552506059644	0.78000729906405675	1.9947521101567669
893	8	1.2649110640673518	0.65150810426068784	2.1120035943704258
894	8	1.6492422502470641	0.98473192783466179	2.5271243678904658
895	9	1.7088007490635064	0.92542894529097641	2.6384041104757969
896	3	0.82462112512353225	0.62031716760843558	1.303625807767135
897	4	0.80000000000000004	0.68728448496168892	1.2526131423783411
898	4	0.40000000000000002	0.50851338093098242	0.78120766327399915
899	5	0.44721359549995798	0.66666666666666674	0.75708673787850667
900	4	0.40000000000000002	0.57419245005221864	0.8580590622683083
901	5	0.44721359549995798	0.67084092615862856	0.86661355722064048
902	5	0.20000000000000001	0.55493445538228348	0.45575362552905463
903	6	0.40000000000000002	0.7365070318042819	0.56192574966074615
904	4	0.40000000000000002	0.48982296608913328	0.85149378091491001
905	5	0.44721359549995798	0.58546834791434266	0.90804869852258963
906	5	0.20000000000000001	0.53057136068458899	0.42211731355345328
907	6	0.40000000000000002	0.68600063984635262	0.60908889670101096
908	5	0.20000000000000001	0.43871420777827541	0.60654770636817357
909	6	0.40000000000000002	0.59220526062090217	0.78266542372057635
910	6	0.56568542494923812	0.5918329995507251	0.61777207279538815
911	7	0.72111025509279791	0.82442065809124609	0.84829408641354909
912	4	0.40000000000000002	0.44005175419809317	0.42481438630657303
913	5	0.44721359549995798	0.5384056318669771	0.46420026253496738
914	5	0.20000000000000001	0.4216370213557839	0.45973192089318038
915	6	0.40000000000000002	0.58383488866871736	0.58280660406665452
916	5	0.20000000000000001	0.43008957573842854	0.47730090781653228
917	6	0.40000000000000002	0.55506681899904531	0.63873706872421698
918	6	0.56568542494923812	0.52135304648743197	0.90515367713896611
919	7	0.72111025509279791	0.69218383201305367	1.0453552235145624
920	5	0.20000000000000001	0.39538197406788095	0.63960876206007988
921	6	0.40000000000000002	0.49991734854063702	0.82099045767773937
922	6	0.56568542494923812	0.57801789176079332	0.99110127926586822
923	7	0.72111025509279791	0.70865047186634966	1.1578010133815684
924	6	0.56568542494923812	0.39070936875845325	1.0307674887155462
925	7	0.72111025509279791	0.5555959581268286	1.2134915921926475
926	7	1	0.65835033280001309	1.4819800401530274
927	8	1.131370849898476	0.86656070553770292	1.6430582904061353
928	4	0.40000000000000002	0.38901349177893846	0.53584110981968758
929	5	0.44721359549995798	0.45836776730155249	0.69726191680087946
930	5	0.20000000000000001	0.39426559920704474	0.81775747352125061
931	6	0.40000000000000002	0.52598239887871845	0.98034241409773304
932	5	0.20000000000000001	0.38976812583790382	0.83273633069322617
933	6	0.40000000000000002	0.4981508506190187	1.0186523192629944
934	6	0.56568542494923812	0.49191815485340662	1.278926203243989
935	7	0.72111025509279791	0.63760340993151077	1.4398439020111222
936	5	0.20000000000000001	0.45126085985421305	0.88192495664644788
937	6	0.40000000000000002	0.51053187124006516	1.0985223971195375
938	6	0.56568542494923812	0.61782520908483196	1.3044881834137909
939	7	0.72111025509279791	0.69048365423641755	1.491289618489547
940	6	0.56568542494923812	0.4713265962478444	1.3379645302245247
941	7	0.72111025509279791	0.58571924501088812	1.5376160695673564
942	7	1	0.69999344087180182	1.8095987737644799
943	8	1.131370849898476	0.85185477967583501	1.9854614811156153
944	5	0.20000000000000001	0.39463807505696258	1.1421044453655809
945	6	0.40000000000000002	0.46394325355162758	1.29184605619785
946	6	0.56568542494923812	0.54437603813056035	1.6751254175268435
947	7	0.72111025509279791	0.61794410164998226	1.8066002078394847
948	6	0.56568542494923812	0.46092492949894659	1.6496213055524735
949	7	0.72111025509279791	0.5472025861961558	1.7974616507614791
950	7	1	0.6574570483549389	2.1871200009176248
951	8	1.131370849898476	0.74454243286963462	2.3208634837858337
952	6	0.56568542494923812	0.58030105229507023	1.7315020045433418
953	7	0.72111025509279791	0.62785070722278147	1.895382336811521
954	7	1	0.86876203574251243	2.2454482833148441
955	8	1.131370849898476	0.912639538622112	2.3936809481909118
956	7	1	0.63286193853122963	2.24075443385613
957	8	1.131370849898476	0.72565476591979461	2.4001061870760667
958	8	1.4422205101855956	0.94062480456175557	2.7614344244451074
959	9	1.5620499351813311	1.0534302706728529	2.9083233717446997
960	4	0.40000000000000002	0.72787853556375404	0.86849619609418649
961	5	0.44721359549995798	0.74926348899518014	0.82773683906917972
962	5	0.20000000000000001	0.55678468256270797	0.35298102879305604
963	6	0.40000000000000002	0.71566494153335825	0.38568603363492399
964	5	0.20000000000000001	0.6211455988033433	0.48847026644902553
965	6	0.40000000000000002	0.69588848942580961	0.5609100629890359
966	6	0.56568542494923812	0.53484633873721721	0.41172079328486355
967	7	0.72111025509279791	0.75073273053100698	0.58208795461834617
968	5	0.20000000000000001	0.57406449630131462	0.5947746806491222
969	6	0.40000000000000002	0.65026659786674701	0.71730808934014134
970	6	0.56568542494923812	0.51725062529337851	0.5161037548616626
971	7	0.72111025509279791	0.72047326553762792	0.7214101037585462
972	6	0.56568542494923812	0.46425983035649832	0.66641416012525256
973	7	0.72111025509279791	0.60082587788575637	0.86604623002608916
974	7	1	0.51568599724079145	0.9577655476248299
975	8	1.131370849898476	0.80558199506973371	1.1474051427787468
976	5	0.20000000000000001	0.54800749359793022	0.49893600528150056
977	6	0.40000000000000002	0.59083915670079701	0.58754995756148487
978	6	0.56568542494923812	0.43518358960039366	0.8598186501917664
979	7	0.72111025509279791	0.60896274846450749	0.96377456088698576
980	6	0.56568542494923812	0.46315086483740125	0.86242592845193033
981	7	0.72111025509279791	0.56269063701503785	0.99257773638432578
982	7	1	0.48786937690904492	1.3396754466206009
983	8	1.131370849898476	0.692714281805069	1.4592662062519075
984	6	0.56568542494923812	0.41122898069545144	1.025397049395111
985	7	0.72111025509279791	0.4880199306472095	1.173724101457329
986	7	1	0.50123813643964432	1.4436364790842735
987	8	1.131370849898476	0.67368209607710305	1.5822676508440421
988	7	1	0.33217429347987204	1.4670766193718658
989	8	1.131370849898476	0.47505255617613157	1.6197707337696325
990	8	1.4422205101855956	0.54733681963033376	1.9353454028422996
991	9	1.5620499351813311	0.79178518759030803	2.0761022924949835
992	5	0.20000000000000001	0.53305778005566107	0.68467676131862876
993	6	0.40000000000000002	0.54302489174793001	0.85386998277111681
994	6	0.56568542494923812	0.41229942670775632	1.144486197205129
995	7	0.72111025509279791	0.54004047054413262	1.2897502910687433
996	6	0.56568542494923812	0.45820747082268615	1.1500429643643091
997	7	0.72111025509279791	0.5243037273668405	1.3145587721007552
998	7	1	0.46835585663907037	1.6505350812229773
999	8	1.131370849898476	0.62468357462909696	1.7952792199270864
1000	6	0.56568542494923812	0.52849040864464569	1.2382722105917388
1001	7	0.72111025509279791	0.55466963338897213	1.4225122458808241
1002	7	1	0.58834720482480463	1.7078292234911403
1003	8	1.131370849898476	0.67226301206603845	1.8708819194429605
1004	7	1	0.48967296670846444	1.7300774472309912
1005	8	1.131370849898476	0.5544046848983889	1.9048740800929267
1006	8	1.4422205101855956	0.64208109760722543	2.221965663295566
1007	9	1.5620499351813311	0.78750573918937139	2.3802949762977166
1008	6	0.56568542494923812	0.48832089887233177	1.5810387772728625
1009	7	0.72111025509279791	0.50634178361710114	1.7103831378876269
1010	7	1	0.58747252441467313	2.1120584776793838
1011	8	1.131370849898476	0.6502665978667469	2.2315495410136617
1012	7	1	0.50123813643964443	2.0890246417311
1013	8	1.131370849898476	0.55134862620820169	2.2214646254948613
1014	8	1.4422205101855956	0.69978351630841484	2.6240678722200084
1015	9	1.5620499351813311	0.77224583933073809	2.7477097380024667
1016	7	1	0.62279915532921837	2.1834033316602772
1017	8	1.131370849898476	0.62936993870289315	2.3287095812927014
1018	8	1.4422205101855956	0.89876969269898777	2.6964149731792761
1019	9	1.5620499351813311	0.92463479003847493	2.831887602044914
1020	8	1.4422205101855956	0.6517335786070334	2.690283219425782
1021	9	1.5620499351813311	0.67813821724602974	2.8352100930016806
1022	9	1.8867962264113209	0.96498856909067343	3.2096149684915094
1023	10	2	1.0322263687778797	3.3460000290541645
