relative_path	bytes	sha256
.gitignore	105	75c63a8c805131701b011b564ce307f2050730e3dc5ed1772730c954f4a060a9
CITATION.cff	1264	034db2d8d9375fe66fc972f7768978b761a6fe3b94c05349a320ded55a1a387e
LICENSE.md	1763	5583a16c602bbb63bdc3cc3a77daa64e30afbb7599f36c5539ad0af49c36a10f
LICENSES/CC-BY-4.0-NOTICE.txt	244	027bf157d6b8bce9b61611c3d73b0fe70625f5cb49279d9d09e69e963d28a4c3
LICENSES/CC-BY-NC-3.0-NOTICE.txt	335	894b12eda958ac23f12afc67deb9de682d9b482ecd4a35ca59ac89adca5618ca
LICENSES/MIT.txt	1129	d79a679d3a8cfb33ff367901e5e1d68193cadbb78ca12a474c428fc8b6f73c4c
LICENSE_MAP.tsv	17797	4e6bfb17aef68fcdd0a75ed4e4db544442a3220279f9bc942f5f6c66e346180d
PUBLICATION_GUARDRAILS.md	1282	488760c73bc0c98200d573199aa8d7bc0d1457c0f667dbaeca8fe69c7bac50b0
README.md	3855	13840c22253f822687b77a70d944dfa144a7544d5b936e3dc3675efbfc02511f
RELEASE_NOTES.md	1725	501ade17ae0bd1c9a3cc52d652a10d4495f59994e6eb56ffeb31900ede875651
REPRODUCIBILITY.md	908	05848bf54334524490bc16f6394452e41c1a0ba12af65d2df650568e696eb8f4
SOURCE_DATA.md	1046	68105c37278d773d76e654c8cd6e939a08c23729c1545f2a8ef902ab8f0c8c39
SOURCE_LICENSE_AND_ATTRIBUTION.md	1074	3b1d01c852f452495cacb8d4cd407ca7e64ed36cfeb4fbd9ce0b972852f33e7d
ZENODO_MANUAL_DEPOSIT_PLAN.tsv	926	91f1d47f69a3adc86b46a350c0be71e48100049f538e5a5782491f4d5514cd36
analysis/R2E_prism_ole_stream_recovery/inventory/cfb_stream_inventory.tsv	1016	603a609c0cefec741c163c98bfbfa2f1ce95adc690bbde65e53c10d0d87c7e82
analysis/R2E_prism_ole_stream_recovery/inventory/prism_ole_stream_strings.tsv	284822	0eba86f0a4c24ca9fe81795209b3fe12443654f2a33c45914afc9c3960eab19e
analysis/R2F_native_prism_decoder_preflight/windows_prism_detection.txt	34	74ca599f4c7e7ff660e0e7ee3fed28cd940e72d094c15c445d8d1a34447f1918
analysis/R2G_prism_regression_serialization_adjudication/inventory/R2G_readable_numeric_candidates.tsv	2753	6c8df06c7e00faa5f26792a0f75965dba5ce20013297afe5e0356fd54992a8ac
analysis/R2G_prism_regression_serialization_adjudication/inventory/R2G_regression_block_context.tsv	16499	a5979707f9b47ebfd7f552325c42c555ee77a2a9813e122cc22ad5e5a9d5ed47
analysis/R2H_stored_calibration_equation_recovery/inventory/R2H_axis_unit_labels.tsv	5431	b0476626e07bc3e965ca4d1ec59ca390a4928e89c6bae01c03afa21625afa35c
analysis/R2H_stored_calibration_equation_recovery/inventory/R2H_stored_prism_equations.tsv	2034	4146ada28d5f03433de0b2b2b7ec2d719419b69c84562af4d16e1e93848ec186
analysis/R2H_stored_calibration_equation_recovery/inventory/R2H_stored_result_payloads.tsv	6225	30c79ace067536f9c1320e2d2cfd7c97c0ceb6bb792f4ad306b700dfed8a9807
analysis/R2I_prism_parameter_reconciliation/OX_G2A_R2I_reconciled_stored_prism_parameters.tsv	1083	de085cdf18708ac98a456cca6141ba106fce910f00cf7a52b9ce7458bb1b3c68
analysis/R2J_clinical_block_identity_reconstruction/OX_G2A_R2J_clinical_block_identity_evidence.tsv	587	7019c39fd85e722a76866b586d4a34f092095362fb1085ba6343ca4393017441
analysis/R2J_clinical_block_identity_reconstruction/OX_G2A_R2J_secondary_longitudinal_block_response.tsv	593	48d4a69d3b7a4f43846b8043bfa0baafc622f431ec4043c50afad3a4f76dd30b
analysis/R2K_provenance_complete_ledger/OX_G2A_R2K_analysis_admissibility_boundaries.tsv	1226	0cab0739a6834b47ace130eed162d2d28f9174851d5de63934eafb3ac15d85cc
analysis/R2K_provenance_complete_ledger/OX_G2A_R2K_subject_block_group_crosswalk.tsv	1958	a048d93f27e3a85c488c242c606444fb5c4861980c0a6fcdf45e473b1dffbad4
analysis/R2K_provenance_complete_ledger/OX_G2A_simvastatin_provenance_complete_ledger_R2K.csv	22317	5848afd6bf6efb4922fca9ad2d0b2e65d030a663071e8f1d0f19e0bfe0e9713b
analysis/R2L_measurement_scale_admissibility/OX_G2A_R2L_analysis_admissibility_matrix.tsv	4129	0df7427f83bdc64ac3108a160615b51e556478be1a2570c39b197231ad3bda50
analysis/R2L_measurement_scale_admissibility/OX_G2A_R2L_measurement_scale_contract.tsv	1043	dcb16c19992d933394c9cdcbc652ecdc1d112e058004dfc342a09716d82be683
analysis/R2L_measurement_scale_admissibility/OX_G2A_R2L_next_phase_guardrails.txt	1068	31ede21126de57fbde52fca300f9044c92c629c7e5ac86a8725e6c23a21e7be2
analysis/R2L_measurement_scale_admissibility/OX_G2A_R2L_signal_integrity_audit.tsv	708	292524d674952b1ae054f9e8592dd4c39d71c82ed2c1476f8f75a31f31833ed6
analysis/R2M_longitudinal_topology_design_preflight/OX_G2A_R2M_design_feasibility_qc.tsv	464	9ae07c1bd224179e070c3b2c62ce1d002c94116289e6405f764fc88a4b121b44
analysis/R2M_longitudinal_topology_design_preflight/OX_G2A_R2M_estimand_hierarchy.tsv	3904	cf84012f9ad1eb296269407b52c19a3240c7a7f05166e7c8c83e13bcb5ff83b8
analysis/R2M_longitudinal_topology_design_preflight/OX_G2A_R2M_exact_inference_contract.tsv	1219	e74b9eb4cf8c671dffd6c3844476e7b8b15a7087b8ded34047caded2f48c50b9
analysis/R2M_longitudinal_topology_design_preflight/OX_G2A_R2M_multiplicity_hierarchy.tsv	530	6e8341084d6d6b06eb966d8aceeb65b54c027b7a2cf218e4f938eba758226c92
analysis/R2M_longitudinal_topology_design_preflight/OX_G2A_R2M_reporting_and_interpretation_contract.txt	2441	390fe8eba57c595911458de3804526c59b56387c64a67ed5802cff36a553aefe
analysis/R2N_primary_topology_execution_preflight/OX_G2A_R2N_R2O_output_schema.tsv	673	c11edd1d68f552a1ebb4db8272b5d44c9d288c490d0a04af47110323d83aa893
analysis/R2N_primary_topology_execution_preflight/OX_G2A_R2N_numerical_implementation_contract.txt	1779	f162b95dfab4b4bf880dd43204c28697ea26b4218caf1efeafd572b9bfa7dd17
analysis/R2N_primary_topology_execution_preflight/OX_G2A_R2N_primary_execution_specification.tsv	803	0619382f78f4d22ec938f2063da4a6d4723f7f0f36ac416bb7c8654d709e8497
analysis/R2N_primary_topology_execution_preflight/OX_G2A_R2N_primary_topology_engine_v1.py	7296	f61c8c4d46db22001d82ea982b17a9458c78fb686dc775bc395fbceb6837bec5
analysis/R2N_primary_topology_execution_preflight/OX_G2A_R2N_synthetic_engine_unit_tests.tsv	1186	e61673ee23d0d10a7f3d39efb11f36935655dd32d3d19ed1a2dc4acfe956b957
analysis/R2O_primary_longitudinal_topology_execution/P1_direction_components.tsv	170	be44ad8cc79500229090728e5f69da50ba1fdc67f75e21f43bea1fba7cac1110
analysis/R2O_primary_longitudinal_topology_execution/P2_edge_deltas.tsv	1527	3349a6cbb1b030167bd5b96d935ed6809c2fd0eb5f4e8d52da8131ef1813f3ef
analysis/R2O_primary_longitudinal_topology_execution/P2_rank_network_A.tsv	578	f334a338e35a80ed85d45889ebb46a99e33fef42d00b1a4bca4c1cda0073df4c
analysis/R2O_primary_longitudinal_topology_execution/P2_rank_network_B.tsv	576	e6fd1f88ac5442ea845b469b08ae0ff164d94b55509da9e5fcabf08c2e24ec9b
analysis/R2O_primary_longitudinal_topology_execution/P3_rank_centroid_components.tsv	165	d0bca97d23fae278627ce1cc42f957dcf5626127d0ff344f4961c2a87766bd05
analysis/R2O_primary_longitudinal_topology_execution/R2O_primary_execution_qc.tsv	431	bf86fb7fcd9ca64c6f02a5c5cb13e25120ba569c09f1131efe1bf2fb392e0ef5
analysis/R2O_primary_longitudinal_topology_execution/primary_global_results.tsv	336	77d7e7787b19e3786bcdfd883ecc7a3685727d62ae99e248f503e1a4cc90d396
analysis/R2O_primary_longitudinal_topology_execution/primary_permutation_distributions.tsv	65574	ec592a5ec4f6304792d0b4b1bddef82208f5a0f2955e0ef2e35c09f2e4b72352
analysis/R2P_primary_result_adjudication/OX_G2A_R2P_P2_edge_followup_contract.tsv	694	9cb8b43dd5d206d7f4e7a149d62242a308e87124a8eaa02ec6ed8290035c9dfa
analysis/R2P_primary_result_adjudication/OX_G2A_R2P_primary_interpretation_guardrails.txt	1533	f15305abfcd942c44bb7eda85f195a35358abb185ebb4c59ae3947fb22eb8308
analysis/R2P_primary_result_adjudication/OX_G2A_R2P_primary_result_adjudication.tsv	429	6d7a887dcd36c054ca0df34a4e4347a73a6ea552409ee5b8c2790ce2c0cc54d1
analysis/R2P_primary_result_adjudication/OX_G2A_R2P_synthetic_maxT_validation.tsv	173	4328ea199c929498a758356c03a38c82e2ef10e1afd6cfe45931224889b96af4
analysis/R2Q_P2_hierarchical_edge_maxT_execution/OX_G2A_R2Q_P2_edge_interpretation_boundaries.txt	1071	f0bfc158627d8fb57fff3d8df4458092bd3df89ebe65f85397c0dd62847e3ede
analysis/R2Q_P2_hierarchical_edge_maxT_execution/P2_edge_exact_maxT_results.tsv	1925	a84da5c35495ea20be2661d7515fb2c479b5bb2a1a0abd17708ff1669636ab8d
analysis/R2Q_P2_hierarchical_edge_maxT_execution/P2_edge_permutation_distributions.tsv	437432	9205abde4e926ab34969fb0e1f0a75d58a05b9c4f2d84bab079a0efb3c472f10
analysis/R2Q_P2_hierarchical_edge_maxT_execution/P2_maxT_null_distribution_summary.tsv	264	3bce27bccccead729f0e4fbd6b224e300acb0fb8653bd6a72fc579922c7afa94
analysis/R2Q_P2_hierarchical_edge_maxT_execution/R2Q_P2_edge_execution_qc.tsv	679	9f4e21ce33339bbf53680497aae89c8254f1550dab1b31893a3da36107d57857
analysis/R2R_S2_rank_displacement_execution_preflight/OX_G2A_R2R_R2Q_edge_result_adjudication.tsv	248	dffe672286b835e102b2fbdf89b50843c0647a5c2adc6e0724883ddde7d60ebf
analysis/R2R_S2_rank_displacement_execution_preflight/OX_G2A_R2R_R2S_output_schema.tsv	430	ba26f6b95e0f40266cd73d532d68606cc4b2cb43ff952921061a9e130eef07d9
analysis/R2R_S2_rank_displacement_execution_preflight/OX_G2A_R2R_S2_execution_contract.tsv	965	787f1d76cfd7cc695c5958e81e85ec66c271b98c0642e9ffa3b854adbb027a73
analysis/R2R_S2_rank_displacement_execution_preflight/OX_G2A_R2R_S2_rank_displacement_engine_v1.py	3586	aa9ffc1ecac8b5741d4b05e13134b35fc688f5e64c2c9de3ad39667be5a648a5
analysis/R2R_S2_rank_displacement_execution_preflight/OX_G2A_R2R_S2_synthetic_unit_tests.tsv	459	9c62d4285fe69c787cc11b2a47ad44fb598cc80e49a04ed2db040deb6dd35d81
analysis/R2S_S2_between_group_rank_displacement_execution/OX_G2A_R2S_S2_interpretation_boundaries.txt	1637	49e2f4e286cf0c6bc8c04155b3f4c284d3a9d453a49e2684b24c0e6c91de66ee
analysis/R2S_S2_between_group_rank_displacement_execution/R2S_S2_execution_qc.tsv	735	da950228645eb0f2514b88937d48d5d28316c88b1fce843afbd26c5d3318c726
analysis/R2S_S2_between_group_rank_displacement_execution/S2_global_result.tsv	361	ff36e2f2ac3a762443cbf1a714e33b7e84446f0334059bbab0673b6573c4657c
analysis/R2S_S2_between_group_rank_displacement_execution/S2_group_difference_components.tsv	365	2ee0d64e7d7c672fdbc609cc6bd4171c703bb356f288073e54571d1be1819b54
analysis/R2S_S2_between_group_rank_displacement_execution/S2_permutation_distribution.tsv	6183684	0e5c606c471cbccee7fe39d058b5671dd78e4a4705e8b835fb39aad86ac5c614
analysis/R2S_S2_between_group_rank_displacement_execution/S2_permutation_distribution_summary.tsv	240	d6f4f7d5aa5a5e26d05fb8729b8d522a4d895a817c2d5b5d303303a65253bcb4
analysis/R2S_S2_between_group_rank_displacement_execution/S2_subject_rank_displacements.tsv	1381	e3d0c5ac0226cfcda7dca24667bdf409a5db5a4d9f0afa6f9bca5c667e1ddce3
analysis/R2T_S1_control_anchored_departure_preflight/OX_G2A_R2T_R2U_output_schema.tsv	475	16ffd1f3ca2de4eb04c40f316ee16e19398115e5be08cb581d8197774a993353
analysis/R2T_S1_control_anchored_departure_preflight/OX_G2A_R2T_S1_control_anchored_departure_engine_v1.py	3715	4dca832b189c19bf8f5b94f570edc9a3f29c10778c5a401e80f59ac248a514ee
analysis/R2T_S1_control_anchored_departure_preflight/OX_G2A_R2T_S1_execution_contract.tsv	1674	dab592ff1393c86b8890572de030ba5c47a7ea136d727089e17a29530514bf49
analysis/R2T_S1_control_anchored_departure_preflight/OX_G2A_R2T_S1_interpretation_guardrails.txt	1858	affb908fe95c3e37e50665ec5380f66fc87e90e4eaafd1866eaa364eaaacfd5b
analysis/R2T_S1_control_anchored_departure_preflight/OX_G2A_R2T_S1_synthetic_unit_tests.tsv	684	e0842a011fe08622aae23ac949b861474bfdb63d7c22f6ab9d8b8ee9210dfe6f
analysis/R2U_S1_control_anchored_departure_execution/OX_G2A_R2U_S1_interpretation_boundaries.txt	1651	8d23a1894dc9fb296d285664ea20eb2e9cd17e7491d20414ee85d5a23e11eeba
analysis/R2U_S1_control_anchored_departure_execution/R2U_S1_execution_qc.tsv	777	ac9e7f843fe5a35fbf69c1d971cdda58cc4cf9c966a69d53db66dbd99df42982
analysis/R2U_S1_control_anchored_departure_execution/S1_control_reference.tsv	2789	e4d1c4ca378bff65eea4f0ce7ad92721c6a4134b69b091cfaef8afdc150a2777
analysis/R2U_S1_control_anchored_departure_execution/S1_global_result.tsv	595	8f5c10eababd659c371d15e194e1d86df46a684bd8b31d03b02261bf242fe8c6
analysis/R2U_S1_control_anchored_departure_execution/S1_permutation_distribution.tsv	48782	2fddcc9aef152b3d7c484f4f46c17bcca51bc69262457bc7f2e3725842b683e7
analysis/R2U_S1_control_anchored_departure_execution/S1_permutation_distribution_summary.tsv	287	7c960df56fb12077b0a23435c0e539cbf54fec3d6293d16d029a37ad7d090c99
analysis/R2U_S1_control_anchored_departure_execution/S1_subject_departures.tsv	1055	61a4a13ec6f750b1540819d1be647ff6d56131274ab7b4312b12bc83819f24b2
analysis/R2V_S3_S4_response_scale_sensitivity_preflight/OX_G2A_R2V_R2U_S1_result_adjudication.tsv	288	9071a0d1ed4c44e9581a08324091d5c062f2d0c1302447d78a690bfbd3cd5a60
analysis/R2V_S3_S4_response_scale_sensitivity_preflight/OX_G2A_R2V_R2W_output_schema.tsv	565	7d69eaad0cb38d4c1feba64070b7d248b47052995b46fe09c305dc364f2847ce
analysis/R2V_S3_S4_response_scale_sensitivity_preflight/OX_G2A_R2V_S3_S4_execution_contract.tsv	1695	06b9077a1c7610c13e675c58cc8879afa1fbb7f5799acf851561d1792473cf4d
analysis/R2V_S3_S4_response_scale_sensitivity_preflight/OX_G2A_R2V_S3_S4_interpretation_guardrails.txt	1704	e1e7d7c49072f7246aa61cc61dbe8d294c5d8d59e831a88bbeefe430a2098639
analysis/R2V_S3_S4_response_scale_sensitivity_preflight/OX_G2A_R2V_S3_S4_response_scale_engine_v1.py	4061	f9a0016a925411638b815ed35f5e044466dc2c393f335ee9766160c941f7b819
analysis/R2V_S3_S4_response_scale_sensitivity_preflight/OX_G2A_R2V_S3_S4_synthetic_unit_tests.tsv	490	ae9d8bc36ce39de75baf5ffbbdc4a5ee052b1d236b01b6d2ed72cc1af86b1ed5
analysis/R2W_S3_S4_response_scale_sensitivity_execution/OX_G2A_R2W_S3_S4_interpretation_boundaries.txt	1636	38a58d19eebc3505aff26f8eb12c6b6737082862d1420674bf0a45946c2da5ea
analysis/R2W_S3_S4_response_scale_sensitivity_execution/R2W_S3_S4_execution_qc.tsv	1060	a947166a00de8ab8ef5c2c433ea2fa8e3943c53f2299b7298baf35c4167f5c72
analysis/R2W_S3_S4_response_scale_sensitivity_execution/S3_S4_subject_log_response.tsv	2553	2459256a29fa5f5fdb48276deca49bf4902eeeb25784b5f0de890e8d35f2f667
analysis/R2W_S3_S4_response_scale_sensitivity_execution/S3_control_per_analyte.tsv	1543	75e58dd6afcb19aad3d98c2bd710898137aaee472ec4e220ed09ccf213981600
analysis/R2W_S3_S4_response_scale_sensitivity_execution/S3_hyper_per_analyte.tsv	1636	6eed5d391ebee6a46b3ba206e99628692326cb64cde7c5da715112babe0b7449
analysis/R2W_S3_S4_response_scale_sensitivity_execution/S3_permutation_distributions.tsv	212825	469c9698a01ebd912bf593ffc11e6393e9b2fc9029bb27af0dbf9488e3b50dc0
analysis/R2W_S3_S4_response_scale_sensitivity_execution/S4_between_group_per_analyte.tsv	1856	bb5f49879bb910f9d1efe439d58fad983b7fd71d3eddb7be6f7e04827b1b8e12
analysis/R2W_S3_S4_response_scale_sensitivity_execution/S4_permutation_distributions.tsv	21485797	1d044961512666f323d925704b071715cb3b5d6cac938f6ddc2b3774a1534e4e
analysis/R2X_integrated_result_freeze/OX_G2A_R2X_integrated_claims_ledger.tsv	5903	a28db91ad286ddfb909331a4125557ae906ae9fa7a92cba8dccbec0713f93c92
analysis/R2X_integrated_result_freeze/OX_G2A_R2X_limitations_and_provenance.txt	1624	3bbae406a1f90b559691b60343d7b7dc2fce64cdc4aa3be3dbd4d285c73bd696
analysis/R2X_integrated_result_freeze/OX_G2A_R2X_manuscript_result_hierarchy.txt	2085	54a39fe9318e69489b6a00b7a4e1f6e846462e4e4b975bcfa00b28c75c264e06
analysis/R2X_integrated_result_freeze/OX_G2A_R2X_publication_figure_architecture.tsv	1159	fcc8a5554e05f77e768fdbaa6b9a534d8604cfed41dcab4c64dd1195b09c781c
analysis/R2Y_publication_figure_implementation_preflight/OX_G2A_R2Y_Figure1_study_design_summary.tsv	346	aab42f7cf9f1d8338ba7d24d0503a9fc60011ad64bf19acff495bc33056d5de8
analysis/R2Y_publication_figure_implementation_preflight/OX_G2A_R2Y_Figure2_P1_subject_direction_matrix.tsv	263	a2ebf14ddb0f07007ebc83545b30953101998cfb2b117e90ab07f14a8c64ebe6
analysis/R2Y_publication_figure_implementation_preflight/OX_G2A_R2Y_Figure2_P3_subject_rank_score_displacement.tsv	1160	8d44684713d11633a30ea5a297f635ada5066a2879fe7d5888351b698150e40f
analysis/R2Y_publication_figure_implementation_preflight/OX_G2A_R2Y_R2Z_expected_outputs.tsv	1446	869ccccc51d1d3060cdd0ee55f6080086580446c0e7c50b14991bed252e005ef
analysis/R2Y_publication_figure_implementation_preflight/OX_G2A_R2Y_figure_source_manifest.tsv	6794	befb80350e41813c1ffb208d0f54f5738727b501ffec8d181ccb7f78c82f7ff5
analysis/R2Y_publication_figure_implementation_preflight/OX_G2A_R2Y_no_recalculation_contract.txt	1403	f209be6a83045fea062c553c7e836e0c1bb4650bdb23a7c990733792d5357499
analysis/R2Y_publication_figure_implementation_preflight/OX_G2A_R2Y_panel_implementation_spec.tsv	2658	8b7462d597129edbf090662920e61cf6720057dfe51a297bd7a25cb9836d63bd
analysis/R2Y_publication_figure_implementation_preflight/OX_G2A_R2Y_visual_design_system.tsv	815	7d6f1851892797cdf243fbe8794b678d6a4b5407618e571dcebaa0fabd6d3ac7
analysis/R2Z_publication_figure_generation/OX_G2A_R2Z_figure_provenance.tsv	5563	50edfcfe586c795dc725565b752971170f194d358c1414ed935e955d885caac1
analysis/R2Z_publication_figure_generation/OX_G2A_R2Z_manual_visual_QA_checklist.tsv	3183	6f38b55019d0fead2fe5e4b259ef7fefe7eff0d3f02de39f8880d93a173e4593
analysis/R2Z_publication_figure_generation/OX_G2A_R2Z_publication_figure_generator_v1.py	63847	ed908ae49392d8e9639dbb0bc25290759acdeb506c81e5680ca599333cffc405
analysis/R2Z_publication_figure_generation/OX_G2A_R2Z_publication_figure_output_manifest.tsv	5504	ee63f76ae86ab486da2443969fc63748950d15cd3b5fd839f0eb23975cae9758
analysis/R3A_post_visual_QA_publication_figure_freeze/OX_G2A_R3A_Figure4_layout_only_regenerator_v1.py	8749	e7b156a13b53c986acafd3c0ce23c167a6a330e7ec067cf4df4a98d0c8a13286
analysis/R3A_post_visual_QA_publication_figure_freeze/OX_G2A_R3A_final_publication_figure_manifest.tsv	3781	decd944bebed62c95eabc43831810db60c0eacde360b4f83606577e72144c462
analysis/R3A_post_visual_QA_publication_figure_freeze/OX_G2A_R3A_final_visual_QA_adjudication.tsv	367	d11b89a6753b95cd94adfb67a16957dff0d895a1596b2476e3b0993efd31e250
analysis/R3A_post_visual_QA_publication_figure_freeze/OX_G2A_R3A_post_visual_QA_correction_log.txt	1374	e68d7c159b1bd5f72895f7bd3ec9ddaa4b1b0f43bc386c02b0bcf0ab114a4d34
environment/requirements.txt	150	74f280a87f458a99fe82b6c440f0d19a2e7ea2833175bf2bd474afde85ca62ca
environment/runtime_versions.txt	297	1bce64b368021188e97f6316ef7101debe36239266335df6d23eef58a0f20ada
figures/pdf/Figure_1_provenance_and_analysis_architecture.pdf	30582	fe54208cad8acc1ff32a9b397318e27e4d4467c84ef7e78fd3519fd3bd08e317
figures/pdf/Figure_2_primary_longitudinal_topology.pdf	30276	0891c54a0abb623a1d5c798621fad16d4fc3554efcb30d6bc747c8418816db7b
figures/pdf/Figure_3_rank_network_rewiring.pdf	30154	6515bf32f7476b4bbf2dc59b18906a8dd9edb6f3b05f21f49abeef608bcbdb9d
figures/pdf/Figure_4_between_block_rank_displacement.pdf	28501	3061872c37cbd225b7dfff17b3f4f676381f494db2fd28ee19f95ffa86c812e6
figures/pdf/Figure_5_control_anchored_multivariate_departure.pdf	33197	b4ac3fa68cdd909ead6bc5585c6b0a76a61b0355080b05f3a5717c05060e975b
figures/pdf/Figure_6_response_scale_sensitivity.pdf	26120	ad008dbb19eeb96554c6793e94849605a88b1866ff447049ab47b367d3395363
figures/png/Figure_1_provenance_and_analysis_architecture.png	694363	4fcfba12cc388674fae6f827a5e6ae2711429af9bc958641ec192602ef015aa1
figures/png/Figure_2_primary_longitudinal_topology.png	587161	773181b984ef557a4d49554bb27c0aaf0e22daf48fd1188dc420c9af29cfaadf
figures/png/Figure_3_rank_network_rewiring.png	784620	b0c0007a0c4996869b0c07a17d75a0beb70f4823f32a0d43b5c835a001ce99e5
figures/png/Figure_4_between_block_rank_displacement.png	397581	ffc675f1a71bd185c154469bcc098f9f44bffa9abd7d28d848c7a3824794ae7d
figures/png/Figure_5_control_anchored_multivariate_departure.png	711321	9ce2351fc6a8cbbcc176533eeef62e5ded95cc4809ddc42a54f34c5750a3329e
figures/png/Figure_6_response_scale_sensitivity.png	509367	f838e36b28ed6ffd3a2d10f0b70b07d51fe6ccf1e3c1ad01cbcb7670348a947c
metadata/CRediT_author_contributions.tsv	366	be598ce9efef11622cc00de35faf2bb0f509a409bfb84a1a43cfd520a8ad7b67
metadata/ORCID_registry.tsv	241	ba4c0681a3d4c6559c9fca5f2ab9dff455cfc64eb80d002bb709bfed5322d5e2
metadata/affiliations.tsv	574	dea8d899402d167e35c31b03926f8730525669969f2c37cfe2ab6a8fecc9edbd
metadata/authors.tsv	148	1f5cad8c5faa09c9fd9ff9b1a0e19c8e44069e7ee9c9ed4ef4611ed1a84ea136
metadata/corresponding_author.tsv	152	391cf8eac8f75090788b814327d92e47e9d6a7260cb3d6032e464a99ce4b69ff
metadata/declarations.txt	204	039c2e72b09418f715db2c8cad5865d385e5fa40496467cbaafb4c85a546c2ac
metadata/final_title.txt	154	f0c0cd2f41158c989d1858265471883e2dcc262519e607279f45dcfd78416e10
provenance/PUBLIC_RELEASE_AUDIT.txt	390	2ccc3dfdd3dfd80c429e1832c75c75fc865ef98fc589a2357127d04fc8eb8f87
provenance/SANITIZATION_RECORD.tsv	394	946c9baf0678bb800d1a8ae32f130bff77b35b90ee52dce1f9ffd149f7b14eb0
provenance/SOURCE_SELECTION.tsv	36286	ce6c7f89c6a0bf3f8229af5cce7c3439fd38d8fe7ad028c750c9536bf53f15e4
publication_assets/tiff/Figure_1_provenance_and_analysis_architecture.tiff	1202016	759e03891d4557825ee62be8f09e6756ca2b2a8933b8de1574aa2bcfcf3e99f1
publication_assets/tiff/Figure_2_primary_longitudinal_topology.tiff	2088234	355e2ac219e88ae6ec593f7c683673b893fb3f8ccbe3826901d3b9dfce580bb0
publication_assets/tiff/Figure_3_rank_network_rewiring.tiff	1985612	b28daaae493859824913fca04fe2380b5384a22ccdf784fa804c80593fa5687c
publication_assets/tiff/Figure_4_between_block_rank_displacement.tiff	1827630	5a8aaf3adc864f67536da6ae6124c3ca1210676e55ad85b0aaf99f9b9254cfba
publication_assets/tiff/Figure_5_control_anchored_multivariate_departure.tiff	2039800	99860a539197be300065cb1166164a9f3630df9228fa2c65f9f1a5a6c0b4e9bf
publication_assets/tiff/Figure_6_response_scale_sensitivity.tiff	1544834	7275e66b86f7e13534ca33c021a9c828e3b7691dcbc22a4692483a75ac544d2a
