source_relative_path	public_package_relative_path	bytes	source_sha256	public_copy_sha256
R2E_prism_ole_stream_recovery/inventory/cfb_stream_inventory.tsv	analysis/R2E_prism_ole_stream_recovery/inventory/cfb_stream_inventory.tsv	1016	603a609c0cefec741c163c98bfbfa2f1ce95adc690bbde65e53c10d0d87c7e82	603a609c0cefec741c163c98bfbfa2f1ce95adc690bbde65e53c10d0d87c7e82
R2E_prism_ole_stream_recovery/inventory/prism_ole_stream_strings.tsv	analysis/R2E_prism_ole_stream_recovery/inventory/prism_ole_stream_strings.tsv	284822	0eba86f0a4c24ca9fe81795209b3fe12443654f2a33c45914afc9c3960eab19e	0eba86f0a4c24ca9fe81795209b3fe12443654f2a33c45914afc9c3960eab19e
R2E_prism_ole_stream_recovery/prism_candidates/stream_005_CONTENTS_offset_4_candidate_1.pzf	analysis/R2E_prism_ole_stream_recovery/prism_candidates/stream_005_CONTENTS_offset_4_candidate_1.pzf	1832384	9dadc9051f090abcf6ce7d87104419dc8ddf0378c08f80c83cd734036a86b03a	9dadc9051f090abcf6ce7d87104419dc8ddf0378c08f80c83cd734036a86b03a
R2E_prism_ole_stream_recovery/streams/001_Ole.bin	analysis/R2E_prism_ole_stream_recovery/streams/001_Ole.bin	20	b2162bc27b0f5b3a55a79fb5e0763e0321dc8de86ad59054d6aafc4b01eaad47	b2162bc27b0f5b3a55a79fb5e0763e0321dc8de86ad59054d6aafc4b01eaad47
R2E_prism_ole_stream_recovery/streams/002_EPRINT.bin	analysis/R2E_prism_ole_stream_recovery/streams/002_EPRINT.bin	248756	922aebc5285ffd700db73d67ee690ad26b4f148196c8698ada3a1c107b8892ed	922aebc5285ffd700db73d67ee690ad26b4f148196c8698ada3a1c107b8892ed
R2E_prism_ole_stream_recovery/streams/003_CompObj.bin	analysis/R2E_prism_ole_stream_recovery/streams/003_CompObj.bin	104	a1db0c3d0b627b73e95f58f7a6e6b0b28412b2fbc2b937d2301eff1eccd2a3f4	a1db0c3d0b627b73e95f58f7a6e6b0b28412b2fbc2b937d2301eff1eccd2a3f4
R2E_prism_ole_stream_recovery/streams/004_ObjInfo.bin	analysis/R2E_prism_ole_stream_recovery/streams/004_ObjInfo.bin	6	c76d13c663d06a97039cc7f187cdd40ef626e4dd7c9e2b10f0ee104e9473c515	c76d13c663d06a97039cc7f187cdd40ef626e4dd7c9e2b10f0ee104e9473c515
R2E_prism_ole_stream_recovery/streams/005_CONTENTS.bin	analysis/R2E_prism_ole_stream_recovery/streams/005_CONTENTS.bin	1832388	c9dff15b2cfdeb45bafff3d3498ebdb052aebba4c34e3edc43d9dc70d71d262f	c9dff15b2cfdeb45bafff3d3498ebdb052aebba4c34e3edc43d9dc70d71d262f
R2F_native_prism_decoder_preflight/windows_prism_detection.txt	analysis/R2F_native_prism_decoder_preflight/windows_prism_detection.txt	34	74ca599f4c7e7ff660e0e7ee3fed28cd940e72d094c15c445d8d1a34447f1918	74ca599f4c7e7ff660e0e7ee3fed28cd940e72d094c15c445d8d1a34447f1918
R2G_prism_regression_serialization_adjudication/inventory/R2G_readable_numeric_candidates.tsv	analysis/R2G_prism_regression_serialization_adjudication/inventory/R2G_readable_numeric_candidates.tsv	2753	6c8df06c7e00faa5f26792a0f75965dba5ce20013297afe5e0356fd54992a8ac	6c8df06c7e00faa5f26792a0f75965dba5ce20013297afe5e0356fd54992a8ac
R2G_prism_regression_serialization_adjudication/inventory/R2G_regression_block_context.tsv	analysis/R2G_prism_regression_serialization_adjudication/inventory/R2G_regression_block_context.tsv	16499	a5979707f9b47ebfd7f552325c42c555ee77a2a9813e122cc22ad5e5a9d5ed47	a5979707f9b47ebfd7f552325c42c555ee77a2a9813e122cc22ad5e5a9d5ed47
R2G_prism_regression_serialization_adjudication/windows/block_01_regression_window.bin	analysis/R2G_prism_regression_serialization_adjudication/windows/block_01_regression_window.bin	66643	8698e57483431f91d5d70705c352ddda4365d54e4161efde2f33464e99efbafe	8698e57483431f91d5d70705c352ddda4365d54e4161efde2f33464e99efbafe
R2G_prism_regression_serialization_adjudication/windows/block_02_regression_window.bin	analysis/R2G_prism_regression_serialization_adjudication/windows/block_02_regression_window.bin	66643	d78b9bf3b4c7f5ae509afad96265866f99e96165d6d63fc5451ca44e4c656e51	d78b9bf3b4c7f5ae509afad96265866f99e96165d6d63fc5451ca44e4c656e51
R2G_prism_regression_serialization_adjudication/windows/block_03_regression_window.bin	analysis/R2G_prism_regression_serialization_adjudication/windows/block_03_regression_window.bin	66643	35071a8cd7f8f40e2ea143edac24ee909ff4342ec11f95f20e0473a24a4b7e80	35071a8cd7f8f40e2ea143edac24ee909ff4342ec11f95f20e0473a24a4b7e80
R2G_prism_regression_serialization_adjudication/windows/block_04_regression_window.bin	analysis/R2G_prism_regression_serialization_adjudication/windows/block_04_regression_window.bin	66643	4477ebd671dc13472e498170f508ec0baf194dc02431d31fb757d83637c0c294	4477ebd671dc13472e498170f508ec0baf194dc02431d31fb757d83637c0c294
R2G_prism_regression_serialization_adjudication/windows/block_05_regression_window.bin	analysis/R2G_prism_regression_serialization_adjudication/windows/block_05_regression_window.bin	66643	42f3f1769776f30beee6737ec6a5fc6b762977b904f0b3d1e67a0d9fe28dcd18	42f3f1769776f30beee6737ec6a5fc6b762977b904f0b3d1e67a0d9fe28dcd18
R2H_stored_calibration_equation_recovery/inventory/R2H_axis_unit_labels.tsv	analysis/R2H_stored_calibration_equation_recovery/inventory/R2H_axis_unit_labels.tsv	5431	b0476626e07bc3e965ca4d1ec59ca390a4928e89c6bae01c03afa21625afa35c	b0476626e07bc3e965ca4d1ec59ca390a4928e89c6bae01c03afa21625afa35c
R2H_stored_calibration_equation_recovery/inventory/R2H_stored_prism_equations.tsv	analysis/R2H_stored_calibration_equation_recovery/inventory/R2H_stored_prism_equations.tsv	2034	4146ada28d5f03433de0b2b2b7ec2d719419b69c84562af4d16e1e93848ec186	4146ada28d5f03433de0b2b2b7ec2d719419b69c84562af4d16e1e93848ec186
R2H_stored_calibration_equation_recovery/inventory/R2H_stored_result_payloads.tsv	analysis/R2H_stored_calibration_equation_recovery/inventory/R2H_stored_result_payloads.tsv	6225	30c79ace067536f9c1320e2d2cfd7c97c0ceb6bb792f4ad306b700dfed8a9807	30c79ace067536f9c1320e2d2cfd7c97c0ceb6bb792f4ad306b700dfed8a9807
R2H_stored_calibration_equation_recovery/raw_context/24_stored_result_strings.txt	analysis/R2H_stored_calibration_equation_recovery/raw_context/24_stored_result_strings.txt	1253	0e060175b6e90cea2d1a56becdd76afba37adb5474c4a459b7b32a7d73e79cfa	0e060175b6e90cea2d1a56becdd76afba37adb5474c4a459b7b32a7d73e79cfa
R2H_stored_calibration_equation_recovery/raw_context/25_stored_result_strings.txt	analysis/R2H_stored_calibration_equation_recovery/raw_context/25_stored_result_strings.txt	1259	2c6a2f86da38b3ae59a4795cceeeaf8a543cd694cd4686f6b4ab472c4c04920a	2c6a2f86da38b3ae59a4795cceeeaf8a543cd694cd4686f6b4ab472c4c04920a
R2H_stored_calibration_equation_recovery/raw_context/27_stored_result_strings.txt	analysis/R2H_stored_calibration_equation_recovery/raw_context/27_stored_result_strings.txt	1263	7012e0021f8d37865a6775a08d545f4d9db87a49ae115b161f4223b73e93192b	7012e0021f8d37865a6775a08d545f4d9db87a49ae115b161f4223b73e93192b
R2H_stored_calibration_equation_recovery/raw_context/7beta_stored_result_strings.txt	analysis/R2H_stored_calibration_equation_recovery/raw_context/7beta_stored_result_strings.txt	1250	11b3990fdc7b7da32dbdbef1e9e2e6c77e6c4225a0e907f673c87eef41b4e3cc	11b3990fdc7b7da32dbdbef1e9e2e6c77e6c4225a0e907f673c87eef41b4e3cc
R2H_stored_calibration_equation_recovery/raw_context/7keto_stored_result_strings.txt	analysis/R2H_stored_calibration_equation_recovery/raw_context/7keto_stored_result_strings.txt	1252	a29b3466e432ba0b0288a98b90e074e7c47acc0abf0ae3611bb59b6f8cb1748b	a29b3466e432ba0b0288a98b90e074e7c47acc0abf0ae3611bb59b6f8cb1748b
R2I_prism_parameter_reconciliation/OX_G2A_R2I_reconciled_stored_prism_parameters.tsv	analysis/R2I_prism_parameter_reconciliation/OX_G2A_R2I_reconciled_stored_prism_parameters.tsv	1083	de085cdf18708ac98a456cca6141ba106fce910f00cf7a52b9ce7458bb1b3c68	de085cdf18708ac98a456cca6141ba106fce910f00cf7a52b9ce7458bb1b3c68
R2J_clinical_block_identity_reconstruction/OX_G2A_R2J_clinical_block_identity_evidence.tsv	analysis/R2J_clinical_block_identity_reconstruction/OX_G2A_R2J_clinical_block_identity_evidence.tsv	587	7019c39fd85e722a76866b586d4a34f092095362fb1085ba6343ca4393017441	7019c39fd85e722a76866b586d4a34f092095362fb1085ba6343ca4393017441
R2J_clinical_block_identity_reconstruction/OX_G2A_R2J_secondary_longitudinal_block_response.tsv	analysis/R2J_clinical_block_identity_reconstruction/OX_G2A_R2J_secondary_longitudinal_block_response.tsv	593	48d4a69d3b7a4f43846b8043bfa0baafc622f431ec4043c50afad3a4f76dd30b	48d4a69d3b7a4f43846b8043bfa0baafc622f431ec4043c50afad3a4f76dd30b
R2K_provenance_complete_ledger/OX_G2A_R2K_analysis_admissibility_boundaries.tsv	analysis/R2K_provenance_complete_ledger/OX_G2A_R2K_analysis_admissibility_boundaries.tsv	1226	0cab0739a6834b47ace130eed162d2d28f9174851d5de63934eafb3ac15d85cc	0cab0739a6834b47ace130eed162d2d28f9174851d5de63934eafb3ac15d85cc
R2K_provenance_complete_ledger/OX_G2A_R2K_subject_block_group_crosswalk.tsv	analysis/R2K_provenance_complete_ledger/OX_G2A_R2K_subject_block_group_crosswalk.tsv	1958	a048d93f27e3a85c488c242c606444fb5c4861980c0a6fcdf45e473b1dffbad4	a048d93f27e3a85c488c242c606444fb5c4861980c0a6fcdf45e473b1dffbad4
R2K_provenance_complete_ledger/OX_G2A_simvastatin_provenance_complete_ledger_R2K.csv	analysis/R2K_provenance_complete_ledger/OX_G2A_simvastatin_provenance_complete_ledger_R2K.csv	22317	5848afd6bf6efb4922fca9ad2d0b2e65d030a663071e8f1d0f19e0bfe0e9713b	5848afd6bf6efb4922fca9ad2d0b2e65d030a663071e8f1d0f19e0bfe0e9713b
R2L_measurement_scale_admissibility/OX_G2A_R2L_analysis_admissibility_matrix.tsv	analysis/R2L_measurement_scale_admissibility/OX_G2A_R2L_analysis_admissibility_matrix.tsv	4129	0df7427f83bdc64ac3108a160615b51e556478be1a2570c39b197231ad3bda50	0df7427f83bdc64ac3108a160615b51e556478be1a2570c39b197231ad3bda50
R2L_measurement_scale_admissibility/OX_G2A_R2L_measurement_scale_contract.tsv	analysis/R2L_measurement_scale_admissibility/OX_G2A_R2L_measurement_scale_contract.tsv	1043	dcb16c19992d933394c9cdcbc652ecdc1d112e058004dfc342a09716d82be683	dcb16c19992d933394c9cdcbc652ecdc1d112e058004dfc342a09716d82be683
R2L_measurement_scale_admissibility/OX_G2A_R2L_next_phase_guardrails.txt	analysis/R2L_measurement_scale_admissibility/OX_G2A_R2L_next_phase_guardrails.txt	1068	31ede21126de57fbde52fca300f9044c92c629c7e5ac86a8725e6c23a21e7be2	31ede21126de57fbde52fca300f9044c92c629c7e5ac86a8725e6c23a21e7be2
R2L_measurement_scale_admissibility/OX_G2A_R2L_signal_integrity_audit.tsv	analysis/R2L_measurement_scale_admissibility/OX_G2A_R2L_signal_integrity_audit.tsv	708	292524d674952b1ae054f9e8592dd4c39d71c82ed2c1476f8f75a31f31833ed6	292524d674952b1ae054f9e8592dd4c39d71c82ed2c1476f8f75a31f31833ed6
R2M_longitudinal_topology_design_preflight/OX_G2A_R2M_design_feasibility_qc.tsv	analysis/R2M_longitudinal_topology_design_preflight/OX_G2A_R2M_design_feasibility_qc.tsv	464	9ae07c1bd224179e070c3b2c62ce1d002c94116289e6405f764fc88a4b121b44	9ae07c1bd224179e070c3b2c62ce1d002c94116289e6405f764fc88a4b121b44
R2M_longitudinal_topology_design_preflight/OX_G2A_R2M_estimand_hierarchy.tsv	analysis/R2M_longitudinal_topology_design_preflight/OX_G2A_R2M_estimand_hierarchy.tsv	3904	cf84012f9ad1eb296269407b52c19a3240c7a7f05166e7c8c83e13bcb5ff83b8	cf84012f9ad1eb296269407b52c19a3240c7a7f05166e7c8c83e13bcb5ff83b8
R2M_longitudinal_topology_design_preflight/OX_G2A_R2M_exact_inference_contract.tsv	analysis/R2M_longitudinal_topology_design_preflight/OX_G2A_R2M_exact_inference_contract.tsv	1219	e74b9eb4cf8c671dffd6c3844476e7b8b15a7087b8ded34047caded2f48c50b9	e74b9eb4cf8c671dffd6c3844476e7b8b15a7087b8ded34047caded2f48c50b9
R2M_longitudinal_topology_design_preflight/OX_G2A_R2M_multiplicity_hierarchy.tsv	analysis/R2M_longitudinal_topology_design_preflight/OX_G2A_R2M_multiplicity_hierarchy.tsv	530	6e8341084d6d6b06eb966d8aceeb65b54c027b7a2cf218e4f938eba758226c92	6e8341084d6d6b06eb966d8aceeb65b54c027b7a2cf218e4f938eba758226c92
R2M_longitudinal_topology_design_preflight/OX_G2A_R2M_reporting_and_interpretation_contract.txt	analysis/R2M_longitudinal_topology_design_preflight/OX_G2A_R2M_reporting_and_interpretation_contract.txt	2441	390fe8eba57c595911458de3804526c59b56387c64a67ed5802cff36a553aefe	390fe8eba57c595911458de3804526c59b56387c64a67ed5802cff36a553aefe
R2N_primary_topology_execution_preflight/OX_G2A_R2N_R2O_output_schema.tsv	analysis/R2N_primary_topology_execution_preflight/OX_G2A_R2N_R2O_output_schema.tsv	673	c11edd1d68f552a1ebb4db8272b5d44c9d288c490d0a04af47110323d83aa893	c11edd1d68f552a1ebb4db8272b5d44c9d288c490d0a04af47110323d83aa893
R2N_primary_topology_execution_preflight/OX_G2A_R2N_numerical_implementation_contract.txt	analysis/R2N_primary_topology_execution_preflight/OX_G2A_R2N_numerical_implementation_contract.txt	1779	f162b95dfab4b4bf880dd43204c28697ea26b4218caf1efeafd572b9bfa7dd17	f162b95dfab4b4bf880dd43204c28697ea26b4218caf1efeafd572b9bfa7dd17
R2N_primary_topology_execution_preflight/OX_G2A_R2N_primary_execution_specification.tsv	analysis/R2N_primary_topology_execution_preflight/OX_G2A_R2N_primary_execution_specification.tsv	803	0619382f78f4d22ec938f2063da4a6d4723f7f0f36ac416bb7c8654d709e8497	0619382f78f4d22ec938f2063da4a6d4723f7f0f36ac416bb7c8654d709e8497
R2N_primary_topology_execution_preflight/OX_G2A_R2N_primary_topology_engine_v1.py	analysis/R2N_primary_topology_execution_preflight/OX_G2A_R2N_primary_topology_engine_v1.py	7296	f61c8c4d46db22001d82ea982b17a9458c78fb686dc775bc395fbceb6837bec5	f61c8c4d46db22001d82ea982b17a9458c78fb686dc775bc395fbceb6837bec5
R2N_primary_topology_execution_preflight/OX_G2A_R2N_synthetic_engine_unit_tests.tsv	analysis/R2N_primary_topology_execution_preflight/OX_G2A_R2N_synthetic_engine_unit_tests.tsv	1186	e61673ee23d0d10a7f3d39efb11f36935655dd32d3d19ed1a2dc4acfe956b957	e61673ee23d0d10a7f3d39efb11f36935655dd32d3d19ed1a2dc4acfe956b957
R2O_primary_longitudinal_topology_execution/P1_direction_components.tsv	analysis/R2O_primary_longitudinal_topology_execution/P1_direction_components.tsv	170	be44ad8cc79500229090728e5f69da50ba1fdc67f75e21f43bea1fba7cac1110	be44ad8cc79500229090728e5f69da50ba1fdc67f75e21f43bea1fba7cac1110
R2O_primary_longitudinal_topology_execution/P2_edge_deltas.tsv	analysis/R2O_primary_longitudinal_topology_execution/P2_edge_deltas.tsv	1527	3349a6cbb1b030167bd5b96d935ed6809c2fd0eb5f4e8d52da8131ef1813f3ef	3349a6cbb1b030167bd5b96d935ed6809c2fd0eb5f4e8d52da8131ef1813f3ef
R2O_primary_longitudinal_topology_execution/P2_rank_network_A.tsv	analysis/R2O_primary_longitudinal_topology_execution/P2_rank_network_A.tsv	578	f334a338e35a80ed85d45889ebb46a99e33fef42d00b1a4bca4c1cda0073df4c	f334a338e35a80ed85d45889ebb46a99e33fef42d00b1a4bca4c1cda0073df4c
R2O_primary_longitudinal_topology_execution/P2_rank_network_B.tsv	analysis/R2O_primary_longitudinal_topology_execution/P2_rank_network_B.tsv	576	e6fd1f88ac5442ea845b469b08ae0ff164d94b55509da9e5fcabf08c2e24ec9b	e6fd1f88ac5442ea845b469b08ae0ff164d94b55509da9e5fcabf08c2e24ec9b
R2O_primary_longitudinal_topology_execution/P3_rank_centroid_components.tsv	analysis/R2O_primary_longitudinal_topology_execution/P3_rank_centroid_components.tsv	165	d0bca97d23fae278627ce1cc42f957dcf5626127d0ff344f4961c2a87766bd05	d0bca97d23fae278627ce1cc42f957dcf5626127d0ff344f4961c2a87766bd05
R2O_primary_longitudinal_topology_execution/R2O_primary_execution_qc.tsv	analysis/R2O_primary_longitudinal_topology_execution/R2O_primary_execution_qc.tsv	431	bf86fb7fcd9ca64c6f02a5c5cb13e25120ba569c09f1131efe1bf2fb392e0ef5	bf86fb7fcd9ca64c6f02a5c5cb13e25120ba569c09f1131efe1bf2fb392e0ef5
R2O_primary_longitudinal_topology_execution/primary_global_results.tsv	analysis/R2O_primary_longitudinal_topology_execution/primary_global_results.tsv	336	77d7e7787b19e3786bcdfd883ecc7a3685727d62ae99e248f503e1a4cc90d396	77d7e7787b19e3786bcdfd883ecc7a3685727d62ae99e248f503e1a4cc90d396
R2O_primary_longitudinal_topology_execution/primary_permutation_distributions.tsv	analysis/R2O_primary_longitudinal_topology_execution/primary_permutation_distributions.tsv	65574	ec592a5ec4f6304792d0b4b1bddef82208f5a0f2955e0ef2e35c09f2e4b72352	ec592a5ec4f6304792d0b4b1bddef82208f5a0f2955e0ef2e35c09f2e4b72352
R2P_primary_result_adjudication/OX_G2A_R2P_P2_edge_followup_contract.tsv	analysis/R2P_primary_result_adjudication/OX_G2A_R2P_P2_edge_followup_contract.tsv	694	9cb8b43dd5d206d7f4e7a149d62242a308e87124a8eaa02ec6ed8290035c9dfa	9cb8b43dd5d206d7f4e7a149d62242a308e87124a8eaa02ec6ed8290035c9dfa
R2P_primary_result_adjudication/OX_G2A_R2P_primary_interpretation_guardrails.txt	analysis/R2P_primary_result_adjudication/OX_G2A_R2P_primary_interpretation_guardrails.txt	1533	f15305abfcd942c44bb7eda85f195a35358abb185ebb4c59ae3947fb22eb8308	f15305abfcd942c44bb7eda85f195a35358abb185ebb4c59ae3947fb22eb8308
R2P_primary_result_adjudication/OX_G2A_R2P_primary_result_adjudication.tsv	analysis/R2P_primary_result_adjudication/OX_G2A_R2P_primary_result_adjudication.tsv	429	6d7a887dcd36c054ca0df34a4e4347a73a6ea552409ee5b8c2790ce2c0cc54d1	6d7a887dcd36c054ca0df34a4e4347a73a6ea552409ee5b8c2790ce2c0cc54d1
R2P_primary_result_adjudication/OX_G2A_R2P_synthetic_maxT_validation.tsv	analysis/R2P_primary_result_adjudication/OX_G2A_R2P_synthetic_maxT_validation.tsv	173	4328ea199c929498a758356c03a38c82e2ef10e1afd6cfe45931224889b96af4	4328ea199c929498a758356c03a38c82e2ef10e1afd6cfe45931224889b96af4
R2Q_P2_hierarchical_edge_maxT_execution/OX_G2A_R2Q_P2_edge_interpretation_boundaries.txt	analysis/R2Q_P2_hierarchical_edge_maxT_execution/OX_G2A_R2Q_P2_edge_interpretation_boundaries.txt	1071	f0bfc158627d8fb57fff3d8df4458092bd3df89ebe65f85397c0dd62847e3ede	f0bfc158627d8fb57fff3d8df4458092bd3df89ebe65f85397c0dd62847e3ede
R2Q_P2_hierarchical_edge_maxT_execution/P2_edge_exact_maxT_results.tsv	analysis/R2Q_P2_hierarchical_edge_maxT_execution/P2_edge_exact_maxT_results.tsv	1925	a84da5c35495ea20be2661d7515fb2c479b5bb2a1a0abd17708ff1669636ab8d	a84da5c35495ea20be2661d7515fb2c479b5bb2a1a0abd17708ff1669636ab8d
R2Q_P2_hierarchical_edge_maxT_execution/P2_edge_permutation_distributions.tsv	analysis/R2Q_P2_hierarchical_edge_maxT_execution/P2_edge_permutation_distributions.tsv	437432	9205abde4e926ab34969fb0e1f0a75d58a05b9c4f2d84bab079a0efb3c472f10	9205abde4e926ab34969fb0e1f0a75d58a05b9c4f2d84bab079a0efb3c472f10
R2Q_P2_hierarchical_edge_maxT_execution/P2_maxT_null_distribution_summary.tsv	analysis/R2Q_P2_hierarchical_edge_maxT_execution/P2_maxT_null_distribution_summary.tsv	264	3bce27bccccead729f0e4fbd6b224e300acb0fb8653bd6a72fc579922c7afa94	3bce27bccccead729f0e4fbd6b224e300acb0fb8653bd6a72fc579922c7afa94
R2Q_P2_hierarchical_edge_maxT_execution/R2Q_P2_edge_execution_qc.tsv	analysis/R2Q_P2_hierarchical_edge_maxT_execution/R2Q_P2_edge_execution_qc.tsv	679	9f4e21ce33339bbf53680497aae89c8254f1550dab1b31893a3da36107d57857	9f4e21ce33339bbf53680497aae89c8254f1550dab1b31893a3da36107d57857
R2R_S2_rank_displacement_execution_preflight/OX_G2A_R2R_R2Q_edge_result_adjudication.tsv	analysis/R2R_S2_rank_displacement_execution_preflight/OX_G2A_R2R_R2Q_edge_result_adjudication.tsv	248	dffe672286b835e102b2fbdf89b50843c0647a5c2adc6e0724883ddde7d60ebf	dffe672286b835e102b2fbdf89b50843c0647a5c2adc6e0724883ddde7d60ebf
R2R_S2_rank_displacement_execution_preflight/OX_G2A_R2R_R2S_output_schema.tsv	analysis/R2R_S2_rank_displacement_execution_preflight/OX_G2A_R2R_R2S_output_schema.tsv	430	ba26f6b95e0f40266cd73d532d68606cc4b2cb43ff952921061a9e130eef07d9	ba26f6b95e0f40266cd73d532d68606cc4b2cb43ff952921061a9e130eef07d9
R2R_S2_rank_displacement_execution_preflight/OX_G2A_R2R_S2_execution_contract.tsv	analysis/R2R_S2_rank_displacement_execution_preflight/OX_G2A_R2R_S2_execution_contract.tsv	965	787f1d76cfd7cc695c5958e81e85ec66c271b98c0642e9ffa3b854adbb027a73	787f1d76cfd7cc695c5958e81e85ec66c271b98c0642e9ffa3b854adbb027a73
R2R_S2_rank_displacement_execution_preflight/OX_G2A_R2R_S2_rank_displacement_engine_v1.py	analysis/R2R_S2_rank_displacement_execution_preflight/OX_G2A_R2R_S2_rank_displacement_engine_v1.py	3586	aa9ffc1ecac8b5741d4b05e13134b35fc688f5e64c2c9de3ad39667be5a648a5	aa9ffc1ecac8b5741d4b05e13134b35fc688f5e64c2c9de3ad39667be5a648a5
R2R_S2_rank_displacement_execution_preflight/OX_G2A_R2R_S2_synthetic_unit_tests.tsv	analysis/R2R_S2_rank_displacement_execution_preflight/OX_G2A_R2R_S2_synthetic_unit_tests.tsv	459	9c62d4285fe69c787cc11b2a47ad44fb598cc80e49a04ed2db040deb6dd35d81	9c62d4285fe69c787cc11b2a47ad44fb598cc80e49a04ed2db040deb6dd35d81
R2S_S2_between_group_rank_displacement_execution/OX_G2A_R2S_S2_interpretation_boundaries.txt	analysis/R2S_S2_between_group_rank_displacement_execution/OX_G2A_R2S_S2_interpretation_boundaries.txt	1637	49e2f4e286cf0c6bc8c04155b3f4c284d3a9d453a49e2684b24c0e6c91de66ee	49e2f4e286cf0c6bc8c04155b3f4c284d3a9d453a49e2684b24c0e6c91de66ee
R2S_S2_between_group_rank_displacement_execution/R2S_S2_execution_qc.tsv	analysis/R2S_S2_between_group_rank_displacement_execution/R2S_S2_execution_qc.tsv	735	da950228645eb0f2514b88937d48d5d28316c88b1fce843afbd26c5d3318c726	da950228645eb0f2514b88937d48d5d28316c88b1fce843afbd26c5d3318c726
R2S_S2_between_group_rank_displacement_execution/S2_global_result.tsv	analysis/R2S_S2_between_group_rank_displacement_execution/S2_global_result.tsv	361	ff36e2f2ac3a762443cbf1a714e33b7e84446f0334059bbab0673b6573c4657c	ff36e2f2ac3a762443cbf1a714e33b7e84446f0334059bbab0673b6573c4657c
R2S_S2_between_group_rank_displacement_execution/S2_group_difference_components.tsv	analysis/R2S_S2_between_group_rank_displacement_execution/S2_group_difference_components.tsv	365	2ee0d64e7d7c672fdbc609cc6bd4171c703bb356f288073e54571d1be1819b54	2ee0d64e7d7c672fdbc609cc6bd4171c703bb356f288073e54571d1be1819b54
R2S_S2_between_group_rank_displacement_execution/S2_permutation_distribution.tsv	analysis/R2S_S2_between_group_rank_displacement_execution/S2_permutation_distribution.tsv	6183684	0e5c606c471cbccee7fe39d058b5671dd78e4a4705e8b835fb39aad86ac5c614	0e5c606c471cbccee7fe39d058b5671dd78e4a4705e8b835fb39aad86ac5c614
R2S_S2_between_group_rank_displacement_execution/S2_permutation_distribution_summary.tsv	analysis/R2S_S2_between_group_rank_displacement_execution/S2_permutation_distribution_summary.tsv	240	d6f4f7d5aa5a5e26d05fb8729b8d522a4d895a817c2d5b5d303303a65253bcb4	d6f4f7d5aa5a5e26d05fb8729b8d522a4d895a817c2d5b5d303303a65253bcb4
R2S_S2_between_group_rank_displacement_execution/S2_subject_rank_displacements.tsv	analysis/R2S_S2_between_group_rank_displacement_execution/S2_subject_rank_displacements.tsv	1381	e3d0c5ac0226cfcda7dca24667bdf409a5db5a4d9f0afa6f9bca5c667e1ddce3	e3d0c5ac0226cfcda7dca24667bdf409a5db5a4d9f0afa6f9bca5c667e1ddce3
R2T_S1_control_anchored_departure_preflight/OX_G2A_R2T_R2U_output_schema.tsv	analysis/R2T_S1_control_anchored_departure_preflight/OX_G2A_R2T_R2U_output_schema.tsv	475	16ffd1f3ca2de4eb04c40f316ee16e19398115e5be08cb581d8197774a993353	16ffd1f3ca2de4eb04c40f316ee16e19398115e5be08cb581d8197774a993353
R2T_S1_control_anchored_departure_preflight/OX_G2A_R2T_S1_control_anchored_departure_engine_v1.py	analysis/R2T_S1_control_anchored_departure_preflight/OX_G2A_R2T_S1_control_anchored_departure_engine_v1.py	3715	4dca832b189c19bf8f5b94f570edc9a3f29c10778c5a401e80f59ac248a514ee	4dca832b189c19bf8f5b94f570edc9a3f29c10778c5a401e80f59ac248a514ee
R2T_S1_control_anchored_departure_preflight/OX_G2A_R2T_S1_execution_contract.tsv	analysis/R2T_S1_control_anchored_departure_preflight/OX_G2A_R2T_S1_execution_contract.tsv	1674	dab592ff1393c86b8890572de030ba5c47a7ea136d727089e17a29530514bf49	dab592ff1393c86b8890572de030ba5c47a7ea136d727089e17a29530514bf49
R2T_S1_control_anchored_departure_preflight/OX_G2A_R2T_S1_interpretation_guardrails.txt	analysis/R2T_S1_control_anchored_departure_preflight/OX_G2A_R2T_S1_interpretation_guardrails.txt	1858	affb908fe95c3e37e50665ec5380f66fc87e90e4eaafd1866eaa364eaaacfd5b	affb908fe95c3e37e50665ec5380f66fc87e90e4eaafd1866eaa364eaaacfd5b
R2T_S1_control_anchored_departure_preflight/OX_G2A_R2T_S1_synthetic_unit_tests.tsv	analysis/R2T_S1_control_anchored_departure_preflight/OX_G2A_R2T_S1_synthetic_unit_tests.tsv	684	e0842a011fe08622aae23ac949b861474bfdb63d7c22f6ab9d8b8ee9210dfe6f	e0842a011fe08622aae23ac949b861474bfdb63d7c22f6ab9d8b8ee9210dfe6f
R2U_S1_control_anchored_departure_execution/OX_G2A_R2U_S1_interpretation_boundaries.txt	analysis/R2U_S1_control_anchored_departure_execution/OX_G2A_R2U_S1_interpretation_boundaries.txt	1651	8d23a1894dc9fb296d285664ea20eb2e9cd17e7491d20414ee85d5a23e11eeba	8d23a1894dc9fb296d285664ea20eb2e9cd17e7491d20414ee85d5a23e11eeba
R2U_S1_control_anchored_departure_execution/R2U_S1_execution_qc.tsv	analysis/R2U_S1_control_anchored_departure_execution/R2U_S1_execution_qc.tsv	777	ac9e7f843fe5a35fbf69c1d971cdda58cc4cf9c966a69d53db66dbd99df42982	ac9e7f843fe5a35fbf69c1d971cdda58cc4cf9c966a69d53db66dbd99df42982
R2U_S1_control_anchored_departure_execution/S1_control_reference.tsv	analysis/R2U_S1_control_anchored_departure_execution/S1_control_reference.tsv	2789	e4d1c4ca378bff65eea4f0ce7ad92721c6a4134b69b091cfaef8afdc150a2777	e4d1c4ca378bff65eea4f0ce7ad92721c6a4134b69b091cfaef8afdc150a2777
R2U_S1_control_anchored_departure_execution/S1_global_result.tsv	analysis/R2U_S1_control_anchored_departure_execution/S1_global_result.tsv	595	8f5c10eababd659c371d15e194e1d86df46a684bd8b31d03b02261bf242fe8c6	8f5c10eababd659c371d15e194e1d86df46a684bd8b31d03b02261bf242fe8c6
R2U_S1_control_anchored_departure_execution/S1_permutation_distribution.tsv	analysis/R2U_S1_control_anchored_departure_execution/S1_permutation_distribution.tsv	48782	2fddcc9aef152b3d7c484f4f46c17bcca51bc69262457bc7f2e3725842b683e7	2fddcc9aef152b3d7c484f4f46c17bcca51bc69262457bc7f2e3725842b683e7
R2U_S1_control_anchored_departure_execution/S1_permutation_distribution_summary.tsv	analysis/R2U_S1_control_anchored_departure_execution/S1_permutation_distribution_summary.tsv	287	7c960df56fb12077b0a23435c0e539cbf54fec3d6293d16d029a37ad7d090c99	7c960df56fb12077b0a23435c0e539cbf54fec3d6293d16d029a37ad7d090c99
R2U_S1_control_anchored_departure_execution/S1_subject_departures.tsv	analysis/R2U_S1_control_anchored_departure_execution/S1_subject_departures.tsv	1055	61a4a13ec6f750b1540819d1be647ff6d56131274ab7b4312b12bc83819f24b2	61a4a13ec6f750b1540819d1be647ff6d56131274ab7b4312b12bc83819f24b2
R2V_S3_S4_response_scale_sensitivity_preflight/OX_G2A_R2V_R2U_S1_result_adjudication.tsv	analysis/R2V_S3_S4_response_scale_sensitivity_preflight/OX_G2A_R2V_R2U_S1_result_adjudication.tsv	288	9071a0d1ed4c44e9581a08324091d5c062f2d0c1302447d78a690bfbd3cd5a60	9071a0d1ed4c44e9581a08324091d5c062f2d0c1302447d78a690bfbd3cd5a60
R2V_S3_S4_response_scale_sensitivity_preflight/OX_G2A_R2V_R2W_output_schema.tsv	analysis/R2V_S3_S4_response_scale_sensitivity_preflight/OX_G2A_R2V_R2W_output_schema.tsv	565	7d69eaad0cb38d4c1feba64070b7d248b47052995b46fe09c305dc364f2847ce	7d69eaad0cb38d4c1feba64070b7d248b47052995b46fe09c305dc364f2847ce
R2V_S3_S4_response_scale_sensitivity_preflight/OX_G2A_R2V_S3_S4_execution_contract.tsv	analysis/R2V_S3_S4_response_scale_sensitivity_preflight/OX_G2A_R2V_S3_S4_execution_contract.tsv	1695	06b9077a1c7610c13e675c58cc8879afa1fbb7f5799acf851561d1792473cf4d	06b9077a1c7610c13e675c58cc8879afa1fbb7f5799acf851561d1792473cf4d
R2V_S3_S4_response_scale_sensitivity_preflight/OX_G2A_R2V_S3_S4_interpretation_guardrails.txt	analysis/R2V_S3_S4_response_scale_sensitivity_preflight/OX_G2A_R2V_S3_S4_interpretation_guardrails.txt	1704	e1e7d7c49072f7246aa61cc61dbe8d294c5d8d59e831a88bbeefe430a2098639	e1e7d7c49072f7246aa61cc61dbe8d294c5d8d59e831a88bbeefe430a2098639
R2V_S3_S4_response_scale_sensitivity_preflight/OX_G2A_R2V_S3_S4_response_scale_engine_v1.py	analysis/R2V_S3_S4_response_scale_sensitivity_preflight/OX_G2A_R2V_S3_S4_response_scale_engine_v1.py	4061	f9a0016a925411638b815ed35f5e044466dc2c393f335ee9766160c941f7b819	f9a0016a925411638b815ed35f5e044466dc2c393f335ee9766160c941f7b819
R2V_S3_S4_response_scale_sensitivity_preflight/OX_G2A_R2V_S3_S4_synthetic_unit_tests.tsv	analysis/R2V_S3_S4_response_scale_sensitivity_preflight/OX_G2A_R2V_S3_S4_synthetic_unit_tests.tsv	490	ae9d8bc36ce39de75baf5ffbbdc4a5ee052b1d236b01b6d2ed72cc1af86b1ed5	ae9d8bc36ce39de75baf5ffbbdc4a5ee052b1d236b01b6d2ed72cc1af86b1ed5
R2W_S3_S4_response_scale_sensitivity_execution/OX_G2A_R2W_S3_S4_interpretation_boundaries.txt	analysis/R2W_S3_S4_response_scale_sensitivity_execution/OX_G2A_R2W_S3_S4_interpretation_boundaries.txt	1636	38a58d19eebc3505aff26f8eb12c6b6737082862d1420674bf0a45946c2da5ea	38a58d19eebc3505aff26f8eb12c6b6737082862d1420674bf0a45946c2da5ea
R2W_S3_S4_response_scale_sensitivity_execution/R2W_S3_S4_execution_qc.tsv	analysis/R2W_S3_S4_response_scale_sensitivity_execution/R2W_S3_S4_execution_qc.tsv	1060	a947166a00de8ab8ef5c2c433ea2fa8e3943c53f2299b7298baf35c4167f5c72	a947166a00de8ab8ef5c2c433ea2fa8e3943c53f2299b7298baf35c4167f5c72
R2W_S3_S4_response_scale_sensitivity_execution/S3_S4_subject_log_response.tsv	analysis/R2W_S3_S4_response_scale_sensitivity_execution/S3_S4_subject_log_response.tsv	2553	2459256a29fa5f5fdb48276deca49bf4902eeeb25784b5f0de890e8d35f2f667	2459256a29fa5f5fdb48276deca49bf4902eeeb25784b5f0de890e8d35f2f667
R2W_S3_S4_response_scale_sensitivity_execution/S3_control_per_analyte.tsv	analysis/R2W_S3_S4_response_scale_sensitivity_execution/S3_control_per_analyte.tsv	1543	75e58dd6afcb19aad3d98c2bd710898137aaee472ec4e220ed09ccf213981600	75e58dd6afcb19aad3d98c2bd710898137aaee472ec4e220ed09ccf213981600
R2W_S3_S4_response_scale_sensitivity_execution/S3_hyper_per_analyte.tsv	analysis/R2W_S3_S4_response_scale_sensitivity_execution/S3_hyper_per_analyte.tsv	1636	6eed5d391ebee6a46b3ba206e99628692326cb64cde7c5da715112babe0b7449	6eed5d391ebee6a46b3ba206e99628692326cb64cde7c5da715112babe0b7449
R2W_S3_S4_response_scale_sensitivity_execution/S3_permutation_distributions.tsv	analysis/R2W_S3_S4_response_scale_sensitivity_execution/S3_permutation_distributions.tsv	212825	469c9698a01ebd912bf593ffc11e6393e9b2fc9029bb27af0dbf9488e3b50dc0	469c9698a01ebd912bf593ffc11e6393e9b2fc9029bb27af0dbf9488e3b50dc0
R2W_S3_S4_response_scale_sensitivity_execution/S4_between_group_per_analyte.tsv	analysis/R2W_S3_S4_response_scale_sensitivity_execution/S4_between_group_per_analyte.tsv	1856	bb5f49879bb910f9d1efe439d58fad983b7fd71d3eddb7be6f7e04827b1b8e12	bb5f49879bb910f9d1efe439d58fad983b7fd71d3eddb7be6f7e04827b1b8e12
R2W_S3_S4_response_scale_sensitivity_execution/S4_permutation_distributions.tsv	analysis/R2W_S3_S4_response_scale_sensitivity_execution/S4_permutation_distributions.tsv	21485797	1d044961512666f323d925704b071715cb3b5d6cac938f6ddc2b3774a1534e4e	1d044961512666f323d925704b071715cb3b5d6cac938f6ddc2b3774a1534e4e
R2X_integrated_result_freeze/OX_G2A_R2X_integrated_claims_ledger.tsv	analysis/R2X_integrated_result_freeze/OX_G2A_R2X_integrated_claims_ledger.tsv	5903	a28db91ad286ddfb909331a4125557ae906ae9fa7a92cba8dccbec0713f93c92	a28db91ad286ddfb909331a4125557ae906ae9fa7a92cba8dccbec0713f93c92
R2X_integrated_result_freeze/OX_G2A_R2X_limitations_and_provenance.txt	analysis/R2X_integrated_result_freeze/OX_G2A_R2X_limitations_and_provenance.txt	1624	3bbae406a1f90b559691b60343d7b7dc2fce64cdc4aa3be3dbd4d285c73bd696	3bbae406a1f90b559691b60343d7b7dc2fce64cdc4aa3be3dbd4d285c73bd696
R2X_integrated_result_freeze/OX_G2A_R2X_manuscript_result_hierarchy.txt	analysis/R2X_integrated_result_freeze/OX_G2A_R2X_manuscript_result_hierarchy.txt	2085	54a39fe9318e69489b6a00b7a4e1f6e846462e4e4b975bcfa00b28c75c264e06	54a39fe9318e69489b6a00b7a4e1f6e846462e4e4b975bcfa00b28c75c264e06
R2X_integrated_result_freeze/OX_G2A_R2X_publication_figure_architecture.tsv	analysis/R2X_integrated_result_freeze/OX_G2A_R2X_publication_figure_architecture.tsv	1159	fcc8a5554e05f77e768fdbaa6b9a534d8604cfed41dcab4c64dd1195b09c781c	fcc8a5554e05f77e768fdbaa6b9a534d8604cfed41dcab4c64dd1195b09c781c
R2Y_publication_figure_implementation_preflight/OX_G2A_R2Y_Figure1_study_design_summary.tsv	analysis/R2Y_publication_figure_implementation_preflight/OX_G2A_R2Y_Figure1_study_design_summary.tsv	346	aab42f7cf9f1d8338ba7d24d0503a9fc60011ad64bf19acff495bc33056d5de8	aab42f7cf9f1d8338ba7d24d0503a9fc60011ad64bf19acff495bc33056d5de8
R2Y_publication_figure_implementation_preflight/OX_G2A_R2Y_Figure2_P1_subject_direction_matrix.tsv	analysis/R2Y_publication_figure_implementation_preflight/OX_G2A_R2Y_Figure2_P1_subject_direction_matrix.tsv	263	a2ebf14ddb0f07007ebc83545b30953101998cfb2b117e90ab07f14a8c64ebe6	a2ebf14ddb0f07007ebc83545b30953101998cfb2b117e90ab07f14a8c64ebe6
R2Y_publication_figure_implementation_preflight/OX_G2A_R2Y_Figure2_P3_subject_rank_score_displacement.tsv	analysis/R2Y_publication_figure_implementation_preflight/OX_G2A_R2Y_Figure2_P3_subject_rank_score_displacement.tsv	1160	8d44684713d11633a30ea5a297f635ada5066a2879fe7d5888351b698150e40f	8d44684713d11633a30ea5a297f635ada5066a2879fe7d5888351b698150e40f
R2Y_publication_figure_implementation_preflight/OX_G2A_R2Y_R2Z_expected_outputs.tsv	analysis/R2Y_publication_figure_implementation_preflight/OX_G2A_R2Y_R2Z_expected_outputs.tsv	1446	869ccccc51d1d3060cdd0ee55f6080086580446c0e7c50b14991bed252e005ef	869ccccc51d1d3060cdd0ee55f6080086580446c0e7c50b14991bed252e005ef
R2Y_publication_figure_implementation_preflight/OX_G2A_R2Y_figure_source_manifest.tsv	analysis/R2Y_publication_figure_implementation_preflight/OX_G2A_R2Y_figure_source_manifest.tsv	6794	befb80350e41813c1ffb208d0f54f5738727b501ffec8d181ccb7f78c82f7ff5	befb80350e41813c1ffb208d0f54f5738727b501ffec8d181ccb7f78c82f7ff5
R2Y_publication_figure_implementation_preflight/OX_G2A_R2Y_no_recalculation_contract.txt	analysis/R2Y_publication_figure_implementation_preflight/OX_G2A_R2Y_no_recalculation_contract.txt	1403	f209be6a83045fea062c553c7e836e0c1bb4650bdb23a7c990733792d5357499	f209be6a83045fea062c553c7e836e0c1bb4650bdb23a7c990733792d5357499
R2Y_publication_figure_implementation_preflight/OX_G2A_R2Y_panel_implementation_spec.tsv	analysis/R2Y_publication_figure_implementation_preflight/OX_G2A_R2Y_panel_implementation_spec.tsv	2658	8b7462d597129edbf090662920e61cf6720057dfe51a297bd7a25cb9836d63bd	8b7462d597129edbf090662920e61cf6720057dfe51a297bd7a25cb9836d63bd
R2Y_publication_figure_implementation_preflight/OX_G2A_R2Y_visual_design_system.tsv	analysis/R2Y_publication_figure_implementation_preflight/OX_G2A_R2Y_visual_design_system.tsv	815	7d6f1851892797cdf243fbe8794b678d6a4b5407618e571dcebaa0fabd6d3ac7	7d6f1851892797cdf243fbe8794b678d6a4b5407618e571dcebaa0fabd6d3ac7
R2Z_publication_figure_generation/OX_G2A_R2Z_figure_provenance.tsv	analysis/R2Z_publication_figure_generation/OX_G2A_R2Z_figure_provenance.tsv	5563	50edfcfe586c795dc725565b752971170f194d358c1414ed935e955d885caac1	50edfcfe586c795dc725565b752971170f194d358c1414ed935e955d885caac1
R2Z_publication_figure_generation/OX_G2A_R2Z_manual_visual_QA_checklist.tsv	analysis/R2Z_publication_figure_generation/OX_G2A_R2Z_manual_visual_QA_checklist.tsv	3183	6f38b55019d0fead2fe5e4b259ef7fefe7eff0d3f02de39f8880d93a173e4593	6f38b55019d0fead2fe5e4b259ef7fefe7eff0d3f02de39f8880d93a173e4593
R2Z_publication_figure_generation/OX_G2A_R2Z_publication_figure_generator_v1.py	analysis/R2Z_publication_figure_generation/OX_G2A_R2Z_publication_figure_generator_v1.py	63847	ed908ae49392d8e9639dbb0bc25290759acdeb506c81e5680ca599333cffc405	ed908ae49392d8e9639dbb0bc25290759acdeb506c81e5680ca599333cffc405
R2Z_publication_figure_generation/OX_G2A_R2Z_publication_figure_output_manifest.tsv	analysis/R2Z_publication_figure_generation/OX_G2A_R2Z_publication_figure_output_manifest.tsv	5504	ee63f76ae86ab486da2443969fc63748950d15cd3b5fd839f0eb23975cae9758	ee63f76ae86ab486da2443969fc63748950d15cd3b5fd839f0eb23975cae9758
R3A_post_visual_QA_publication_figure_freeze/OX_G2A_R3A_Figure4_layout_only_regenerator_v1.py	analysis/R3A_post_visual_QA_publication_figure_freeze/OX_G2A_R3A_Figure4_layout_only_regenerator_v1.py	8749	e7b156a13b53c986acafd3c0ce23c167a6a330e7ec067cf4df4a98d0c8a13286	e7b156a13b53c986acafd3c0ce23c167a6a330e7ec067cf4df4a98d0c8a13286
R3A_post_visual_QA_publication_figure_freeze/OX_G2A_R3A_final_publication_figure_manifest.tsv	analysis/R3A_post_visual_QA_publication_figure_freeze/OX_G2A_R3A_final_publication_figure_manifest.tsv	3781	decd944bebed62c95eabc43831810db60c0eacde360b4f83606577e72144c462	decd944bebed62c95eabc43831810db60c0eacde360b4f83606577e72144c462
R3A_post_visual_QA_publication_figure_freeze/OX_G2A_R3A_final_visual_QA_adjudication.tsv	analysis/R3A_post_visual_QA_publication_figure_freeze/OX_G2A_R3A_final_visual_QA_adjudication.tsv	367	d11b89a6753b95cd94adfb67a16957dff0d895a1596b2476e3b0993efd31e250	d11b89a6753b95cd94adfb67a16957dff0d895a1596b2476e3b0993efd31e250
R3A_post_visual_QA_publication_figure_freeze/OX_G2A_R3A_post_visual_QA_correction_log.txt	analysis/R3A_post_visual_QA_publication_figure_freeze/OX_G2A_R3A_post_visual_QA_correction_log.txt	1374	e68d7c159b1bd5f72895f7bd3ec9ddaa4b1b0f43bc386c02b0bcf0ab114a4d34	e68d7c159b1bd5f72895f7bd3ec9ddaa4b1b0f43bc386c02b0bcf0ab114a4d34
