property	value	status
value_layer	INTERNAL_STANDARD_NORMALIZED_CPS_DERIVED_RESPONSE	LOCKED
subject_response	NATURAL_LOG_OF_RESPONSE_B_DIV_RESPONSE_A	LOCKED
concentration_fold_change_interpretation	NOT_AUTHORIZED	LOCKED
S3_population	HYPER_AND_CONTROL_ANALYZED_AS_SEPARATE_FAMILIES	LOCKED
S3_analyte_count_per_family	5	LOCKED
S3_global_per_analyte_statistic	ABSOLUTE_MEAN_LOG_RESPONSE	LOCKED
S3_orientation	SIGNED_MEAN_LOG_RESPONSE_DESCRIPTIVE	LOCKED
S3_robust_summary	MEDIAN_Q1_Q3_IQR_LOG_RESPONSE	LOCKED
S3_permutation_unit	SUBJECT_LEVEL_A_B_SWAP_EQUIVALENT_TO_LOG_RESPONSE_SIGN_FLIP	LOCKED
S3_permutation_count_per_group	1024	LOCKED
S3_tail	UPPER_ON_ABSOLUTE_MEAN_LOG_RESPONSE	LOCKED
S3_exact_p	COUNT_T_PERM_GE_T_OBS_DIV_1024	LOCKED
S3_hyper_multiplicity	HOLM_ACROSS_FIVE_ANALYTES	LOCKED
S3_control_multiplicity	HOLM_ACROSS_FIVE_ANALYTES	LOCKED
S4_population	ALL_20_SUBJECTS	LOCKED
S4_statistic	ABSOLUTE_HYPER_MINUS_CONTROL_MEAN_LOG_RESPONSE	LOCKED
S4_orientation	SIGNED_HYPER_MINUS_CONTROL_MEAN_LOG_RESPONSE_DESCRIPTIVE	LOCKED
S4_permutation_unit	COMPLETE_SUBJECT_LOG_RESPONSE_VECTOR_GROUP_LABEL	LOCKED
S4_permutation_scheme	ALL_10_OF_20_GROUP_LABEL_ASSIGNMENTS	LOCKED
S4_permutation_count	184756	LOCKED
S4_tail	UPPER_ON_ABSOLUTE_GROUP_MEAN_DIFFERENCE	LOCKED
S4_exact_p	COUNT_T_PERM_GE_T_OBS_DIV_184756	LOCKED
S4_multiplicity	HOLM_ACROSS_FIVE_ANALYTES	LOCKED
plus_one_correction	NO_COMPLETE_ENUMERATION	LOCKED
group_mapping_status	PROVISIONAL_INDIRECT_HIGH_CONFIDENCE	LOCKED
S4_independent_group_validation	NO	LOCKED
S4_inference_scope	CONDITIONAL_ON_RECONSTRUCTED_GROUP_MAPPING	LOCKED
causal_treatment_effect	NOT_AUTHORIZED	LOCKED
absolute_concentration_interpretation	NOT_AUTHORIZED	LOCKED
