object	row	column	value
center	24S_OHC		-0.0065741083469201596
center	25_OHC		-0.68891878874920587
center	27_OHC		0.14657919447205711
center	7B_OHC		-0.54986834076886559
center	7_KC		-0.44292297819463816
covariance	24S_OHC	24S_OHC	0.33368485490204786
covariance	24S_OHC	25_OHC	0.0069213185294205084
covariance	24S_OHC	27_OHC	0.021602661544595288
covariance	24S_OHC	7B_OHC	0.010159635669722939
covariance	24S_OHC	7_KC	0.043495185371055879
covariance	25_OHC	24S_OHC	0.0069213185294205084
covariance	25_OHC	25_OHC	0.43525216331692251
covariance	25_OHC	27_OHC	-0.003238505218585219
covariance	25_OHC	7B_OHC	0.12610420670273725
covariance	25_OHC	7_KC	0.060683983002136545
covariance	27_OHC	24S_OHC	0.021602661544595288
covariance	27_OHC	25_OHC	-0.003238505218585219
covariance	27_OHC	27_OHC	0.37497741109971916
covariance	27_OHC	7B_OHC	-0.045937247251039079
covariance	27_OHC	7_KC	0.010576804245826341
covariance	7B_OHC	24S_OHC	0.010159635669722939
covariance	7B_OHC	25_OHC	0.12610420670273725
covariance	7B_OHC	27_OHC	-0.045937247251039079
covariance	7B_OHC	7B_OHC	0.38114552980703775
covariance	7B_OHC	7_KC	0.053928600998789364
covariance	7_KC	24S_OHC	0.043495185371055879
covariance	7_KC	25_OHC	0.060683983002136545
covariance	7_KC	27_OHC	0.010576804245826341
covariance	7_KC	7B_OHC	0.053928600998789364
covariance	7_KC	7_KC	0.29818374183580804
precision	24S_OHC	24S_OHC	3.0658319175989526
precision	24S_OHC	25_OHC	0.025059481902560705
precision	24S_OHC	27_OHC	-0.17002241112997821
precision	24S_OHC	7B_OHC	-0.048604488091144829
precision	24S_OHC	7_KC	-0.43748250705490066
precision	25_OHC	24S_OHC	0.025059481902560698
precision	25_OHC	25_OHC	2.5843777189786161
precision	25_OHC	27_OHC	-0.067616210666455318
precision	25_OHC	7B_OHC	-0.81000620099511456
precision	25_OHC	7_KC	-0.38071370034215013
precision	27_OHC	24S_OHC	-0.17002241112997826
precision	27_OHC	25_OHC	-0.067616210666455331
precision	27_OHC	27_OHC	2.7252926874981878
precision	27_OHC	7B_OHC	0.37313688902021636
precision	27_OHC	7_KC	-0.1255912216256507
precision	7B_OHC	24S_OHC	-0.048604488091144836
precision	7B_OHC	25_OHC	-0.81000620099511456
precision	7B_OHC	27_OHC	0.3731368890202163
precision	7B_OHC	7B_OHC	2.9920431363605173
precision	7B_OHC	7_KC	-0.38243142248381184
precision	7_KC	24S_OHC	-0.43748250705490066
precision	7_KC	25_OHC	-0.38071370034215019
precision	7_KC	27_OHC	-0.12559122162565067
precision	7_KC	7B_OHC	-0.38243142248381179
precision	7_KC	7_KC	3.5685512069460041
diagnostic	reference_n		10
diagnostic	dimension_p		5
diagnostic	oas_shrinkage		0.67571536123151377
diagnostic	covariance_min_eigenvalue		0.25302592201474378
diagnostic	covariance_max_eigenvalue		0.56787085495021516
diagnostic	covariance_condition_number		2.244318884122575
diagnostic	precision_identity_max_abs_error		2.2204460492503131e-16
