subject_id	clinical_group	D2_A	D2_B	delta_D2_B_minus_A	orientation
1	HYPERCHOLESTEROLAEMIC	10.422328557715266	5.9954221074813834	-4.4269064502338829	TOWARD_REFERENCE
2	HYPERCHOLESTEROLAEMIC	22.034963297245532	17.336690227119039	-4.6982730701264934	TOWARD_REFERENCE
3	HYPERCHOLESTEROLAEMIC	12.151801528842718	15.587852089815618	3.4360505609729	AWAY_FROM_REFERENCE
4	HYPERCHOLESTEROLAEMIC	30.728953633719705	17.481015833561564	-13.247937800158141	TOWARD_REFERENCE
5	HYPERCHOLESTEROLAEMIC	31.317298009380785	23.633668970030271	-7.6836290393505138	TOWARD_REFERENCE
6	HYPERCHOLESTEROLAEMIC	35.249203769022643	25.73561239204027	-9.5135913769823723	TOWARD_REFERENCE
7	HYPERCHOLESTEROLAEMIC	28.57931730395255	10.593606644195884	-17.985710659756666	TOWARD_REFERENCE
8	HYPERCHOLESTEROLAEMIC	33.763830059397989	7.4139936441491017	-26.349836415248888	TOWARD_REFERENCE
9	HYPERCHOLESTEROLAEMIC	43.498865850773008	7.1208656302126023	-36.378000220560409	TOWARD_REFERENCE
10	HYPERCHOLESTEROLAEMIC	29.742220125568799	13.929785412282522	-15.812434713286278	TOWARD_REFERENCE
