subject_id	clinical_group	24S_OHC_log_response_B_div_A	25_OHC_log_response_B_div_A	27_OHC_log_response_B_div_A	7B_OHC_log_response_B_div_A	7_KC_log_response_B_div_A
1	HYPERCHOLESTEROLAEMIC	0.31152561011180563	0.16177836818776431	-0.10108118603845197	-3.2427423002533025	-2.9533535178048758
2	HYPERCHOLESTEROLAEMIC	-1.1303372293270018	-1.6675486512493189	-0.84248732529763781	-1.983178574901745	-2.3825867084360626
3	HYPERCHOLESTEROLAEMIC	-0.86073410242755877	-1.3803220693032987	-0.47720998935421993	-3.7566768681961142	-3.6057203971343883
4	HYPERCHOLESTEROLAEMIC	-0.98765237899182734	-1.1044344933173793	-0.33682877685806778	-2.9076961122853957	-2.9536997885006704
5	HYPERCHOLESTEROLAEMIC	-1.7442180354501415	-2.3671983721027203	-0.84338929748740965	-4.2079857963674039	-4.7265197204644913
6	HYPERCHOLESTEROLAEMIC	-1.307637112025325	-3.0793505721605592	-1.2659003579227868	-4.9485075201567366	-4.9996690864318243
7	HYPERCHOLESTEROLAEMIC	-0.82121638232395433	-1.6107132351163964	-0.24339453457704202	-2.3647304265320193	-1.8253220624713213
8	HYPERCHOLESTEROLAEMIC	0.15316308835496281	-2.6787318748206537	-0.40174697591569702	-4.6187504772411634	-4.996398607874017
9	HYPERCHOLESTEROLAEMIC	-0.60682610909477119	-1.7730121854820389	-0.53450562137013391	-2.4121603167627743	-2.9983700546065637
10	HYPERCHOLESTEROLAEMIC	-1.1227843480722197	-1.4609234901998223	-0.54055532612393919	-3.1034638204702754	-3.3360328750199195
11	CONTROL	0.25953314588489429	0.4078779407958591	0.33088304657508877	-0.11294458159194402	-0.31508649782048476
12	CONTROL	0.062126390402198341	0.061292274089793229	-0.26316273781262212	-0.44504501315559858	-0.48963092944685532
13	CONTROL	-0.6841935673034012	0.12319365915444329	-0.12461893517298539	0.50597642407846899	-0.61072647727891449
14	CONTROL	-0.27259264398839983	0.45897659334657287	-0.010499127134780415	-0.34591430391531963	-0.76653025235571859
15	CONTROL	-0.34801682472896722	-0.13580154115906176	-0.17269085548229318	-1.5075188947649394	-1.3592049470039933
16	CONTROL	-0.17500570846756816	-0.11884034775133472	0.12610745355324018	-1.031098460366884	-0.053086897685008176
17	CONTROL	-0.12906742092343862	1.0983958150229305	-0.27140522796194039	2.9244336712654024	2.7417389641825571
18	CONTROL	-0.1387146326039371	-0.54640216721586021	0.064402110836433352	-0.29607229797084084	-0.67329618899899546
19	CONTROL	0.12167854134848638	-0.011189370457016148	-0.033164846266351071	1.0054797102784596	0.45452772983437323
20	CONTROL	0.53117022342407927	0.18207287569066066	0.076835246147925168	-0.29854572954361092	0.13516689800477863
