observed_abs_rank	analyte_1	analyte_2	rho_A	rho_B	delta_rho_B_minus_A	abs_delta_rho	raw_count_ge	raw_exact_p	maxT_count_ge	maxT_adjusted_p	maxT_support_0_05	claim_status
1	27_OHC	7B_OHC	0.078787878787878782	0.57575757575757569	0.49696969696969689	0.49696969696969689	18	0.017578125	46	0.044921875	YES	SUPPORTED_COMPONENT_OF_GLOBAL_REWIRING
2	24S_OHC	27_OHC	0.23636363636363633	0.69696969696969691	0.46060606060606057	0.46060606060606057	34	0.033203125	78	0.076171875	NO	DESCRIPTIVE_COMPONENT_GLOBAL_REWIRING_SUPPORTED
3	27_OHC	7_KC	0.18787878787878787	0.62424242424242415	0.43636363636363629	0.43636363636363629	22	0.021484375	118	0.115234375	NO	DESCRIPTIVE_COMPONENT_GLOBAL_REWIRING_SUPPORTED
4	24S_OHC	25_OHC	0.19999999999999998	0.53939393939393931	0.33939393939393936	0.33939393939393936	12	0.01171875	356	0.34765625	NO	DESCRIPTIVE_COMPONENT_GLOBAL_REWIRING_SUPPORTED
5	25_OHC	27_OHC	0.40606060606060601	0.73333333333333317	0.32727272727272716	0.32727272727272716	8	0.0078125	416	0.40625	NO	DESCRIPTIVE_COMPONENT_GLOBAL_REWIRING_SUPPORTED
6	24S_OHC	7B_OHC	0.46666666666666662	0.15151515151515149	-0.31515151515151513	0.31515151515151513	242	0.236328125	466	0.455078125	NO	DESCRIPTIVE_COMPONENT_GLOBAL_REWIRING_SUPPORTED
7	7B_OHC	7_KC	0.73333333333333317	0.95151515151515142	0.21818181818181825	0.21818181818181825	16	0.015625	870	0.849609375	NO	DESCRIPTIVE_COMPONENT_GLOBAL_REWIRING_SUPPORTED
8	24S_OHC	7_KC	0.29696969696969694	0.12727272727272726	-0.16969696969696968	0.16969696969696968	510	0.498046875	988	0.96484375	NO	DESCRIPTIVE_COMPONENT_GLOBAL_REWIRING_SUPPORTED
9	25_OHC	7_KC	0.46666666666666662	0.59999999999999998	0.13333333333333336	0.13333333333333336	300	0.29296875	1018	0.994140625	NO	DESCRIPTIVE_COMPONENT_GLOBAL_REWIRING_SUPPORTED
10	25_OHC	7B_OHC	0.58787878787878778	0.57575757575757569	-0.012121212121212088	0.012121212121212088	994	0.970703125	1024	1	NO	DESCRIPTIVE_COMPONENT_GLOBAL_REWIRING_SUPPORTED
