figure	source_role	path	sha256	governance_binding	row_count	source_class
Figure_2	primary_global_results	/mnt/d/OX_COMORBID/01_data/derived/G2A_simvastatin/R2O_primary_longitudinal_topology_execution/primary_global_results.tsv	77d7e7787b19e3786bcdfd883ecc7a3685727d62ae99e248f503e1a4cc90d396	PRIMARY_RESULTS_SHA256	3	FROZEN_UPSTREAM_RESULT
Figure_2	P1_direction_components	/mnt/d/OX_COMORBID/01_data/derived/G2A_simvastatin/R2O_primary_longitudinal_topology_execution/P1_direction_components.tsv	be44ad8cc79500229090728e5f69da50ba1fdc67f75e21f43bea1fba7cac1110	P1_COMPONENTS_SHA256	5	FROZEN_UPSTREAM_RESULT
Figure_3	P2_rank_network_A	/mnt/d/OX_COMORBID/01_data/derived/G2A_simvastatin/R2O_primary_longitudinal_topology_execution/P2_rank_network_A.tsv	f334a338e35a80ed85d45889ebb46a99e33fef42d00b1a4bca4c1cda0073df4c	P2_NETWORK_A_SHA256	5	FROZEN_UPSTREAM_RESULT
Figure_3	P2_rank_network_B	/mnt/d/OX_COMORBID/01_data/derived/G2A_simvastatin/R2O_primary_longitudinal_topology_execution/P2_rank_network_B.tsv	e6fd1f88ac5442ea845b469b08ae0ff164d94b55509da9e5fcabf08c2e24ec9b	P2_NETWORK_B_SHA256	5	FROZEN_UPSTREAM_RESULT
Figure_3	P2_edge_deltas	/mnt/d/OX_COMORBID/01_data/derived/G2A_simvastatin/R2O_primary_longitudinal_topology_execution/P2_edge_deltas.tsv	3349a6cbb1b030167bd5b96d935ed6809c2fd0eb5f4e8d52da8131ef1813f3ef	P2_EDGE_DELTAS_SHA256	10	FROZEN_UPSTREAM_RESULT
Figure_2	P3_rank_centroid_components	/mnt/d/OX_COMORBID/01_data/derived/G2A_simvastatin/R2O_primary_longitudinal_topology_execution/P3_rank_centroid_components.tsv	d0bca97d23fae278627ce1cc42f957dcf5626127d0ff344f4961c2a87766bd05	P3_COMPONENTS_SHA256	5	FROZEN_UPSTREAM_RESULT
Figure_2	primary_permutation_distributions	/mnt/d/OX_COMORBID/01_data/derived/G2A_simvastatin/R2O_primary_longitudinal_topology_execution/primary_permutation_distributions.tsv	ec592a5ec4f6304792d0b4b1bddef82208f5a0f2955e0ef2e35c09f2e4b72352	PERMUTATION_DISTRIBUTIONS_SHA256	1024	FROZEN_UPSTREAM_RESULT
Figure_3	P2_exact_maxT_results	/mnt/d/OX_COMORBID/01_data/derived/G2A_simvastatin/R2Q_P2_hierarchical_edge_maxT_execution/P2_edge_exact_maxT_results.tsv	a84da5c35495ea20be2661d7515fb2c479b5bb2a1a0abd17708ff1669636ab8d	EDGE_RESULTS_SHA256	10	FROZEN_UPSTREAM_RESULT
Figure_3	P2_maxT_null_summary	/mnt/d/OX_COMORBID/01_data/derived/G2A_simvastatin/R2Q_P2_hierarchical_edge_maxT_execution/P2_maxT_null_distribution_summary.tsv	3bce27bccccead729f0e4fbd6b224e300acb0fb8653bd6a72fc579922c7afa94	MAXT_NULL_SUMMARY_SHA256	8	FROZEN_UPSTREAM_RESULT
Figure_4	S2_global_result	/mnt/d/OX_COMORBID/01_data/derived/G2A_simvastatin/R2S_S2_between_group_rank_displacement_execution/S2_global_result.tsv	ff36e2f2ac3a762443cbf1a714e33b7e84446f0334059bbab0673b6573c4657c	S2_GLOBAL_RESULT_SHA256	1	FROZEN_UPSTREAM_RESULT
Figure_4	S2_group_difference_components	/mnt/d/OX_COMORBID/01_data/derived/G2A_simvastatin/R2S_S2_between_group_rank_displacement_execution/S2_group_difference_components.tsv	2ee0d64e7d7c672fdbc609cc6bd4171c703bb356f288073e54571d1be1819b54	S2_COMPONENTS_SHA256	5	FROZEN_UPSTREAM_RESULT
Figure_4	S2_subject_rank_displacements	/mnt/d/OX_COMORBID/01_data/derived/G2A_simvastatin/R2S_S2_between_group_rank_displacement_execution/S2_subject_rank_displacements.tsv	e3d0c5ac0226cfcda7dca24667bdf409a5db5a4d9f0afa6f9bca5c667e1ddce3	S2_SUBJECT_DISPLACEMENTS_SHA256	20	FROZEN_UPSTREAM_RESULT
Figure_4	S2_permutation_distribution	/mnt/d/OX_COMORBID/01_data/derived/G2A_simvastatin/R2S_S2_between_group_rank_displacement_execution/S2_permutation_distribution.tsv	0e5c606c471cbccee7fe39d058b5671dd78e4a4705e8b835fb39aad86ac5c614	S2_PERMUTATION_DISTRIBUTION_SHA256	184756	FROZEN_UPSTREAM_RESULT
Figure_5	S1_global_result	/mnt/d/OX_COMORBID/01_data/derived/G2A_simvastatin/R2U_S1_control_anchored_departure_execution/S1_global_result.tsv	8f5c10eababd659c371d15e194e1d86df46a684bd8b31d03b02261bf242fe8c6	S1_GLOBAL_RESULT_SHA256	1	FROZEN_UPSTREAM_RESULT
Figure_5	S1_subject_departures	/mnt/d/OX_COMORBID/01_data/derived/G2A_simvastatin/R2U_S1_control_anchored_departure_execution/S1_subject_departures.tsv	61a4a13ec6f750b1540819d1be647ff6d56131274ab7b4312b12bc83819f24b2	S1_SUBJECT_DEPARTURES_SHA256	10	FROZEN_UPSTREAM_RESULT
Figure_5	S1_control_reference	/mnt/d/OX_COMORBID/01_data/derived/G2A_simvastatin/R2U_S1_control_anchored_departure_execution/S1_control_reference.tsv	e4d1c4ca378bff65eea4f0ce7ad92721c6a4134b69b091cfaef8afdc150a2777	S1_CONTROL_REFERENCE_SHA256	62	FROZEN_UPSTREAM_RESULT
Figure_5	S1_permutation_distribution	/mnt/d/OX_COMORBID/01_data/derived/G2A_simvastatin/R2U_S1_control_anchored_departure_execution/S1_permutation_distribution.tsv	2fddcc9aef152b3d7c484f4f46c17bcca51bc69262457bc7f2e3725842b683e7	S1_PERMUTATION_DISTRIBUTION_SHA256	1024	FROZEN_UPSTREAM_RESULT
Figure_6	S3_hyper_results	/mnt/d/OX_COMORBID/01_data/derived/G2A_simvastatin/R2W_S3_S4_response_scale_sensitivity_execution/S3_hyper_per_analyte.tsv	6eed5d391ebee6a46b3ba206e99628692326cb64cde7c5da715112babe0b7449	S3_HYPER_RESULTS_SHA256	5	FROZEN_UPSTREAM_RESULT
Figure_6	S3_control_results	/mnt/d/OX_COMORBID/01_data/derived/G2A_simvastatin/R2W_S3_S4_response_scale_sensitivity_execution/S3_control_per_analyte.tsv	75e58dd6afcb19aad3d98c2bd710898137aaee472ec4e220ed09ccf213981600	S3_CONTROL_RESULTS_SHA256	5	FROZEN_UPSTREAM_RESULT
Figure_6	S4_results	/mnt/d/OX_COMORBID/01_data/derived/G2A_simvastatin/R2W_S3_S4_response_scale_sensitivity_execution/S4_between_group_per_analyte.tsv	bb5f49879bb910f9d1efe439d58fad983b7fd71d3eddb7be6f7e04827b1b8e12	S4_RESULTS_SHA256	5	FROZEN_UPSTREAM_RESULT
Figure_6	subject_log_response	/mnt/d/OX_COMORBID/01_data/derived/G2A_simvastatin/R2W_S3_S4_response_scale_sensitivity_execution/S3_S4_subject_log_response.tsv	2459256a29fa5f5fdb48276deca49bf4902eeeb25784b5f0de890e8d35f2f667	SUBJECT_LOG_RESPONSE_SHA256	20	FROZEN_UPSTREAM_RESULT
Figure_1	study_design_summary	/mnt/d/OX_COMORBID/01_data/derived/G2A_simvastatin/R2Y_publication_figure_implementation_preflight/OX_G2A_R2Y_Figure1_study_design_summary.tsv	aab42f7cf9f1d8338ba7d24d0503a9fc60011ad64bf19acff495bc33056d5de8	R2Y_VISUAL_ONLY_IDENTITY_BOUND_DERIVATION	9	FIGURE_READY_DERIVATION_NO_NEW_INFERENCE
Figure_2	P1_subject_direction_matrix	/mnt/d/OX_COMORBID/01_data/derived/G2A_simvastatin/R2Y_publication_figure_implementation_preflight/OX_G2A_R2Y_Figure2_P1_subject_direction_matrix.tsv	a2ebf14ddb0f07007ebc83545b30953101998cfb2b117e90ab07f14a8c64ebe6	R2Y_VISUAL_ONLY_IDENTITY_BOUND_DERIVATION	10	FIGURE_READY_DERIVATION_NO_NEW_INFERENCE
Figure_2	P3_subject_rank_score_displacement	/mnt/d/OX_COMORBID/01_data/derived/G2A_simvastatin/R2Y_publication_figure_implementation_preflight/OX_G2A_R2Y_Figure2_P3_subject_rank_score_displacement.tsv	8d44684713d11633a30ea5a297f635ada5066a2879fe7d5888351b698150e40f	R2Y_VISUAL_ONLY_IDENTITY_BOUND_DERIVATION	10	FIGURE_READY_DERIVATION_NO_NEW_INFERENCE
