subject_id	24S_OHC_delta_z_B_minus_A	25_OHC_delta_z_B_minus_A	27_OHC_delta_z_B_minus_A	7B_OHC_delta_z_B_minus_A	7_KC_delta_z_B_minus_A
1	0.25593258602116131	0.25593258602116131	-0.37823685254558487	-0.81812180430368309	-0.81812180430368309
2	-1.3394678066488002	-1.2532286550378553	-2.0372915969809342	-0.50775779023716761	-0.78687855231527093
3	-0.9163994900068535	-1.2130561583192216	-1.3768246929952419	-1.1237077173462726	-1.1237077173462726
4	-1.3883514812433599	-0.74547086480068736	-0.81812180430368309	-2.4137261747099328	-1.3883514812433591
5	-3.9199279690801072	-2.0372915969809342	-1.9057644067364772	-1.6041115705458875	-1.9057644067364772
6	-2.194946497298925	-3.39949545547851	-3.9199279690801072	-2.5577241105825324	-2.4137261747099332
7	-1.604111570545887	-1.3394678066488004	-0.48082710090360015	-1.2532286550378549	-0.38134614190758898
8	0.53505334809926453	-2.7153790109005227	-1.0515223162123577	-2.194946497298925	-2.8790629418769118
9	-1.1237077173462722	-1.2091772165303487	-1.4689887443403831	-1.5022382488816697	-2.2786033485044288
10	-2.1949464972989254	-1.0515223162123579	-1.2532286550378553	-1.7481095064184862	-1.7481095064184862
