evidence_tier	family_id	analysis_family	component	support_status	effect_or_statistic	raw_exact_p	familywise_adjusted_p	multiplicity_scope	authorized_interpretation	boundary
PRIMARY_CALIBRATION_ROBUST	P1	MULTIANALYTE_DIRECTIONAL_TOPOLOGY		SUPPORTED	2	0.001953125	0.005859375	PRIMARY_HOLM_P1_P2_P3	SUPPORTED_COORDINATED_LONGITUDINAL_DIRECTIONAL_TOPOLOGY	YES_FOR_LONGITUDINAL_HYPER_ANALYSIS
PRIMARY_CALIBRATION_ROBUST	P2	RANK_NETWORK_REWIRING		SUPPORTED	1.0322263687778797	0.00390625	0.005859375	PRIMARY_HOLM_P1_P2_P3	SUPPORTED_GLOBAL_RANK_DEPENDENCE_REWIRING	YES_FOR_LONGITUDINAL_HYPER_ANALYSIS
PRIMARY_CALIBRATION_ROBUST	P3	RANK_CENTROID_DISPLACEMENT		SUPPORTED	3.3460000290541645	0.001953125	0.005859375	PRIMARY_HOLM_P1_P2_P3	SUPPORTED_MULTIVARIATE_RANK_CENTROID_DISPLACEMENT	YES_FOR_LONGITUDINAL_HYPER_ANALYSIS
HIERARCHICAL_CALIBRATION_ROBUST	P2_EDGE	RANK_NETWORK_LOCALIZATION	27_OHC--7B_OHC	SUPPORTED	0.49696969696969689	0.017578125	0.044921875	P2_TEN_EDGE_SINGLE_STEP_MAXT	SUPPORTED_LOCALIZED_COMPONENT_OF_GLOBAL_RANK_DEPENDENCE_REWIRING	NO_DIRECT_BIOCHEMICAL_CAUSAL_CLAIM
SECONDARY_CALIBRATION_ROBUST_PROVENANCE_SENSITIVE	S2	BETWEEN_GROUP_RANK_DISPLACEMENT_ARCHITECTURE		SUPPORTED	412.44	0.00034640282318300895		SINGLE_PREDEFINED_S2_GLOBAL_TEST	LONGITUDINAL_RANK_DISPLACEMENT_ARCHITECTURE_DIFFERS_BETWEEN_RECONSTRUCTED_BLOCKS	NO_INDEPENDENT_GROUP_VALIDATION
SECONDARY_CALIBRATION_ROBUST_PROVENANCE_SENSITIVE	S1	CONTROL_ANCHORED_RANK_SPACE_DEPARTURE		SUPPORTED	-13.266026918473074	0.00390625		SINGLE_PREDEFINED_S1_GLOBAL_TEST	REDUCED_STATISTICAL_DEPARTURE_TOWARD_RECONSTRUCTED_CONTROL_BASELINE_REFERENCE	NO_HOMEOSTASIS_RESTORATION_CLAIM
SECONDARY_RESPONSE_SCALE_SENSITIVITY	S3_HYPER	PER_ANALYTE_LOG_ANALYTICAL_RESPONSE	24S_OHC	SUPPORTED	-0.8116716999246032	0.0078125	0.009765625	S3_HYPER_HOLM_FIVE_ANALYTES	NEGATIVE_ANALYTICAL_RESPONSE_TRAJECTORY	NOT_CONCENTRATION_FOLD_CHANGE
SECONDARY_RESPONSE_SCALE_SENSITIVITY	S3_HYPER	PER_ANALYTE_LOG_ANALYTICAL_RESPONSE	25_OHC	SUPPORTED	-1.6960456575564422	0.00390625	0.009765625	S3_HYPER_HOLM_FIVE_ANALYTES	NEGATIVE_ANALYTICAL_RESPONSE_TRAJECTORY	NOT_CONCENTRATION_FOLD_CHANGE
SECONDARY_RESPONSE_SCALE_SENSITIVITY	S3_HYPER	PER_ANALYTE_LOG_ANALYTICAL_RESPONSE	27_OHC	SUPPORTED	-0.55870993909453859	0.001953125	0.009765625	S3_HYPER_HOLM_FIVE_ANALYTES	NEGATIVE_ANALYTICAL_RESPONSE_TRAJECTORY	NOT_CONCENTRATION_FOLD_CHANGE
SECONDARY_RESPONSE_SCALE_SENSITIVITY	S3_HYPER	PER_ANALYTE_LOG_ANALYTICAL_RESPONSE	7B_OHC	SUPPORTED	-3.3545892213166928	0.001953125	0.009765625	S3_HYPER_HOLM_FIVE_ANALYTES	NEGATIVE_ANALYTICAL_RESPONSE_TRAJECTORY	NOT_CONCENTRATION_FOLD_CHANGE
SECONDARY_RESPONSE_SCALE_SENSITIVITY	S3_HYPER	PER_ANALYTE_LOG_ANALYTICAL_RESPONSE	7_KC	SUPPORTED	-3.4777672818744136	0.001953125	0.009765625	S3_HYPER_HOLM_FIVE_ANALYTES	NEGATIVE_ANALYTICAL_RESPONSE_TRAJECTORY	NOT_CONCENTRATION_FOLD_CHANGE
SECONDARY_RESPONSE_SCALE_SENSITIVITY	S3_CONTROL	PER_ANALYTE_LOG_ANALYTICAL_RESPONSE	24S_OHC	NOT_SUPPORTED	-0.077308249695605374	0.486328125	1	S3_CONTROL_HOLM_FIVE_ANALYTES	NO_SYSTEMATIC_CONTROL_TRAJECTORY_DETECTED_UNDER_PRESPECIFIED_TEST	NOT_PROOF_OF_BIOLOGICAL_INVARIANCE
SECONDARY_RESPONSE_SCALE_SENSITIVITY	S3_CONTROL	PER_ANALYTE_LOG_ANALYTICAL_RESPONSE	25_OHC	NOT_SUPPORTED	0.15195757315169869	0.337890625	1	S3_CONTROL_HOLM_FIVE_ANALYTES	NO_SYSTEMATIC_CONTROL_TRAJECTORY_DETECTED_UNDER_PRESPECIFIED_TEST	NOT_PROOF_OF_BIOLOGICAL_INVARIANCE
SECONDARY_RESPONSE_SCALE_SENSITIVITY	S3_CONTROL	PER_ANALYTE_LOG_ANALYTICAL_RESPONSE	27_OHC	NOT_SUPPORTED	-0.027731387271828511	0.646484375	1	S3_CONTROL_HOLM_FIVE_ANALYTES	NO_SYSTEMATIC_CONTROL_TRAJECTORY_DETECTED_UNDER_PRESPECIFIED_TEST	NOT_PROOF_OF_BIOLOGICAL_INVARIANCE
SECONDARY_RESPONSE_SCALE_SENSITIVITY	S3_CONTROL	PER_ANALYTE_LOG_ANALYTICAL_RESPONSE	7B_OHC	NOT_SUPPORTED	0.039875052431319349	0.93359375	1	S3_CONTROL_HOLM_FIVE_ANALYTES	NO_SYSTEMATIC_CONTROL_TRAJECTORY_DETECTED_UNDER_PRESPECIFIED_TEST	NOT_PROOF_OF_BIOLOGICAL_INVARIANCE
SECONDARY_RESPONSE_SCALE_SENSITIVITY	S3_CONTROL	PER_ANALYTE_LOG_ANALYTICAL_RESPONSE	7_KC	NOT_SUPPORTED	-0.093612859856826103	0.830078125	1	S3_CONTROL_HOLM_FIVE_ANALYTES	NO_SYSTEMATIC_CONTROL_TRAJECTORY_DETECTED_UNDER_PRESPECIFIED_TEST	NOT_PROOF_OF_BIOLOGICAL_INVARIANCE
SECONDARY_RESPONSE_SCALE_SENSITIVITY_PROVENANCE_SENSITIVE	S4	BETWEEN_BLOCK_LOG_ANALYTICAL_RESPONSE	24S_OHC	SUPPORTED	-0.73436345022899785	0.0054233692004589835	0.0054233692004589835	S4_HOLM_FIVE_ANALYTES	RECONSTRUCTED_HYPER_BLOCK_HAS_MORE_NEGATIVE_LONGITUDINAL_ANALYTICAL_RESPONSE_THAN_CONTROL	CONDITIONAL_ON_RECONSTRUCTED_MAPPING_NOT_CAUSAL
SECONDARY_RESPONSE_SCALE_SENSITIVITY_PROVENANCE_SENSITIVE	S4	BETWEEN_BLOCK_LOG_ANALYTICAL_RESPONSE	25_OHC	SUPPORTED	-1.8480032307081409	7.5775617571283201e-05	0.00022732685271384959	S4_HOLM_FIVE_ANALYTES	RECONSTRUCTED_HYPER_BLOCK_HAS_MORE_NEGATIVE_LONGITUDINAL_ANALYTICAL_RESPONSE_THAN_CONTROL	CONDITIONAL_ON_RECONSTRUCTED_MAPPING_NOT_CAUSAL
SECONDARY_RESPONSE_SCALE_SENSITIVITY_PROVENANCE_SENSITIVE	S4	BETWEEN_BLOCK_LOG_ANALYTICAL_RESPONSE	27_OHC	SUPPORTED	-0.53097855182271003	0.00017320141159150447	0.00034640282318300895	S4_HOLM_FIVE_ANALYTES	RECONSTRUCTED_HYPER_BLOCK_HAS_MORE_NEGATIVE_LONGITUDINAL_ANALYTICAL_RESPONSE_THAN_CONTROL	CONDITIONAL_ON_RECONSTRUCTED_MAPPING_NOT_CAUSAL
SECONDARY_RESPONSE_SCALE_SENSITIVITY_PROVENANCE_SENSITIVE	S4	BETWEEN_BLOCK_LOG_ANALYTICAL_RESPONSE	7B_OHC	SUPPORTED	-3.394464273748012	1.082508822446903e-05	5.4125441122345148e-05	S4_HOLM_FIVE_ANALYTES	RECONSTRUCTED_HYPER_BLOCK_HAS_MORE_NEGATIVE_LONGITUDINAL_ANALYTICAL_RESPONSE_THAN_CONTROL	CONDITIONAL_ON_RECONSTRUCTED_MAPPING_NOT_CAUSAL
SECONDARY_RESPONSE_SCALE_SENSITIVITY_PROVENANCE_SENSITIVE	S4	BETWEEN_BLOCK_LOG_ANALYTICAL_RESPONSE	7_KC	SUPPORTED	-3.3841544220175876	1.082508822446903e-05	5.4125441122345148e-05	S4_HOLM_FIVE_ANALYTES	RECONSTRUCTED_HYPER_BLOCK_HAS_MORE_NEGATIVE_LONGITUDINAL_ANALYTICAL_RESPONSE_THAN_CONTROL	CONDITIONAL_ON_RECONSTRUCTED_MAPPING_NOT_CAUSAL
